rcaCode,rcaRelatedSA,rcaRelatedSARemark,ReportNetEnvelopeFileId
SICM-SI188VT7,SIRI-SI188VT7,Catchment of sensitive area.,28934
SICM-SI18VT31,SIRI-SI18VT31,Catchment of sensitive area.,28934
SICM-SI18VT77,SIRI-SI18VT77,Catchment of sensitive area.,28934
SICM-SI18VT97,SIRI-SI18VT97,Catchment of sensitive area.,28934
SICM-SI1922VT,SIRI-SI1922VT,Catchment of sensitive area.,28934
SICM-SI1924VT1,SIRI-SI1924VT1,Catchment of sensitive area.,28934
SICM-SI1924VT2,SIRI-SI1924VT2,Catchment of sensitive area.,28934
SICM-SI192VT1,SIRI-SI192VT1,Catchment of sensitive area.,28934
SICM-SI192VT5,SIRI-SI192VT5,Catchment of sensitive area.,28934
SICM-SI1VT137,SIRI-SI1VT137,Catchment of sensitive area.,28934
SICM-SI1VT150,SIRI-SI1VT150,Catchment of sensitive area.,28934
SICM-SI1VT170,SIRI-SI1VT170,Catchment of sensitive area.,28934
SICM-SI1VT310,SIRI-SI1VT310,Catchment of sensitive area.,28934
SICM-SI1VT519,SIRI-SI1VT519,Catchment of sensitive area.,28934
SICM-SI1VT557,SIRI-SI1VT557,Catchment of sensitive area.,28934
SICM-SI1VT713,SIRI-SI1VT713,Catchment of sensitive area.,28934
SICM-SI1VT739,SIRI-SI1VT739,Catchment of sensitive area.,28934
SICM-SI1VT913,SIRI-SI1VT913,Catchment of sensitive area.,28934
SICM-SI1VT930,SIRI-SI1VT930,Catchment of sensitive area.,28934
SICM-SI2112VT,SIRI-SI2112VT,Catchment of sensitive area.,28934
SICM-SI21332VT,SIRI-SI21332VT,Catchment of sensitive area.,28934
SICM-SI21602VT,SIRI-SI21602VT,Catchment of sensitive area.,28934
SICM-SI216VT,SIRI-SI216VT,Catchment of sensitive area.,28934
SICM-SI21VT13,SIRI-SI21VT13,Catchment of sensitive area.,28934
SICM-SI21VT50,SIRI-SI21VT50,Catchment of sensitive area.,28934
SICM-SI21VT70,SIRI-SI21VT70,Catchment of sensitive area.,28934
SICM-SI322VT3,SIRI-SI322VT3,Catchment of sensitive area.,28934
SICM-SI322VT7,SIRI-SI322VT7,Catchment of sensitive area.,28934
SICM-SI32VT11,SIRI-SI32VT11,Catchment of sensitive area.,28934
SICM-SI32VT30,SIRI-SI32VT30,Catchment of sensitive area.,28934
SICM-SI332VT1,SIRI-SI332VT1,Catchment of sensitive area.,28934
SICM-SI332VT3,SIRI-SI332VT3,Catchment of sensitive area.,28934
SICM-SI35172VT,SIRI-SI35172VT,Catchment of sensitive area.,28934
SICM-SI364VT1,SIRI-SI364VT1,Catchment of sensitive area.,28934
SICM-SI364VT7,SIRI-SI364VT7,Catchment of sensitive area.,28934
SICM-SI368VT5,SIRI-SI368VT5,Catchment of sensitive area.,28934
SICM-SI368VT9,SIRI-SI368VT9,Catchment of sensitive area.,28934
SICM-SI36VT15,SIRI-SI36VT15,Catchment of sensitive area.,28934
SICM-SI36VT90,SIRI-SI36VT90,Catchment of sensitive area.,28934
SICM-SI378VT,SIRI-SI378VT,Catchment of sensitive area.,28934
SICM-SI38VT33,SIRI-SI38VT33,Catchment of sensitive area.,28934
SICM-SI38VT34,SILK-SI38VT34,Catchment of sensitive area.,28934
SICM-SI38VT90,SIRI-SI38VT90,Catchment of sensitive area.,28934
SICM-SI3VT197,SIRI-SI3VT197,Catchment of sensitive area.,28934
SICM-SI3VT359,SIRI-SI3VT359,Catchment of sensitive area.,28934
SICM-SI3VT5171,SIRI-SI3VT5171,Catchment of sensitive area.,28934
SICM-SI3VT5172,SILK-SI3VT5172,Catchment of sensitive area.,28934
SICM-SI3VT930,SIRI-SI3VT930,Catchment of sensitive area.,28934
SICM-SI3VT950,SILK-SI3VT950,Catchment of sensitive area.,28934
SICM-SI3VT970,SIRI-SI3VT970,Catchment of sensitive area.,28934
SICM-SI432VT,SIRI-SI432VT,Catchment of sensitive area.,28934
SICM-SI434VT51,SIRI-SI434VT51,Catchment of sensitive area.,28934
SICM-SI434VT52,SILK-SI434VT52,Catchment of sensitive area.,28934
SICM-SI434VT9,SIRI-SI434VT9,Catchment of sensitive area.,28934
SICM-SI1118VT,SIRI-SI1118VT,Catchment of sensitive area.,28934
SICM-SI111VT5,SIRI-SI111VT5,Catchment of sensitive area.,28934
SICM-SI111VT7,SIRI-SI111VT7,Catchment of sensitive area.,28934
CY SA_CM1,CY SA-LK1,The catchment of SA is defined as the part of  the Garyllis river catchment from the Vati area to Polemidia Dam.The SA is a part of the catchment of SA.,28111
BGCSARI01,BGSARI01,Catchment of Arda river,28828
BGCSARI02,BGSARI02,Catchment of Vit river,28828
BGCSARI03,BGSARI03,Catchment of Danube river,28828
BGCSARI04,BGSARI04,Catchment of Iskar river,28828
BGCSARI05,BGSARI05,Catchment of Kamtchia river,28828
BGCSARI06,BGSARI06,Catchment of Maritza river,28828
BGCSARI07,BGSARI07,Catchment of Ogosta river,28828
BGCSARI08,BGSARI08,Catchment of Osam river,28828
BGCSARI09,BGSARI09,Catchment of Provadijska i Devnenska river,28828
BGCSARI10,BGSARI10,Catchment of Rusenski Lom river,28828
BGCSARI11,BGSARI11,Catchment of Struma river,28828
BGCSARI12,BGSARI12,Catchment of Tundja river,28828
BGCSACL13,BGSACL13,Catchment of Black Sea coastal line,28828
BGCSARI14,BGSARI14,Catchment of Yantra river,28828
SICM-SI1128VT,SILK-SI1128VT,Catchment of sensitive area.,28934
SICM-SI112VT3,SILK-SI112VT3,Catchment of sensitive area.,28934
SICM-SI112VT7,SIRI-SI112VT7,Catchment of sensitive area.,28934
SICM-SI112VT9,SIRI-SI112VT9,Catchment of sensitive area.,28934
SICM-SI114VT3,SIRI-SI114VT3,Catchment of sensitive area.,28934
SICM-SI114VT9,SIRI-SI114VT9,Catchment of sensitive area.,28934
SICM-SI116VT5,SIRI-SI116VT5,Catchment of sensitive area.,28934
SICM-SI116VT7,SIRI-SI116VT7,Catchment of sensitive area.,28934
SICM-SI121VT,SIRI-SI121VT,Catchment of sensitive area.,28934
SICM-SI122VT,SIRI-SI122VT,Catchment of sensitive area.,28934
SICM-SI123VT,SIRI-SI123VT,Catchment of sensitive area.,28934
SICM-SI1324VT,SIRI-SI1324VT,Catchment of sensitive area.,28934
SICM-SI1326VT,SIRI-SI1326VT,Catchment of sensitive area.,28934
SICM-SI132VT1,SIRI-SI132VT1,Catchment of sensitive area.,28934
SICM-SI132VT5,SIRI-SI132VT5,Catchment of sensitive area.,28934
SICM-SI132VT7,SIRI-SI132VT7,Catchment of sensitive area.,28934
SICM-SI14102VT,SIRI-SI14102VT,Catchment of sensitive area.,28934
SICM-SI141VT1,SIRI-SI141VT1,Catchment of sensitive area.,28934
SICM-SI141VT2,SILK-SI141VT2,Catchment of sensitive area.,28934
SICM-SI143VT,SIRI-SI143VT,Catchment of sensitive area.,28934
SICM-SI144VT1,SIRI-SI144VT1,Catchment of sensitive area.,28934
SICM-SI144VT2,SIRI-SI144VT2,Catchment of sensitive area.,28934
SICM-SI145VT,SIRI-SI145VT,Catchment of sensitive area.,28934
SICM-SI146VT,SIRI-SI146VT,Catchment of sensitive area.,28934
SICM-SI1476VT,SIRI-SI1476VT,Catchment of sensitive area.,28934
SICM-SI148VT3,SIRI-SI148VT3,Catchment of sensitive area.,28934
SICM-SI148VT5,SIRI-SI148VT5,Catchment of sensitive area.,28934
SICM-SI14912VT,SIRI-SI14912VT,Catchment of sensitive area.,28934
SICM-SI14VT77,SIRI-SI14VT77,Catchment of sensitive area.,28934
SICM-SI14VT93,SIRI-SI14VT93,Catchment of sensitive area.,28934
SICM-SI14VT97,SIRI-SI14VT97,Catchment of sensitive area.,28934
SICM-SI1616VT,SIRI-SI1616VT,Catchment of sensitive area.,28934
SICM-SI1624VT,SILK-SI1624VT,Catchment of sensitive area.,28934
SICM-SI162VT3,SIRI-SI162VT3,Catchment of sensitive area.,28934
SICM-SI162VT7,SIRI-SI162VT7,Catchment of sensitive area.,28934
SICM-SI162VT9,SIRI-SI162VT9,Catchment of sensitive area.,28934
SICM-SI164VT3,SIRI-SI164VT3,Catchment of sensitive area.,28934
SICM-SI164VT7,SIRI-SI164VT7,Catchment of sensitive area.,28934
SICM-SI1668VT,SILK-SI1668VT,Catchment of sensitive area.,28934
SICM-SI1688VT1,SIRI-SI1688VT1,Catchment of sensitive area.,28934
SICM-SI1688VT2,SIRI-SI1688VT2,Catchment of sensitive area.,28934
SICM-SI168VT3,SILK-SI168VT3,Catchment of sensitive area.,28934
SICM-SI168VT9,SIRI-SI168VT9,Catchment of sensitive area.,28934
SICM-SI1696VT,SIRI-SI1696VT,Catchment of sensitive area.,28934
SICM-SI16VT17,SIRI-SI16VT17,Catchment of sensitive area.,28934
SICM-SI16VT70,SIRI-SI16VT70,Catchment of sensitive area.,28934
SICM-SI16VT97,SIRI-SI16VT97,Catchment of sensitive area.,28934
SICM-SI172VT,SIRI-SI172VT,Catchment of sensitive area.,28934
SICM-SI184VT1,SIRI-SI184VT1,Catchment of sensitive area.,28934
SICM-SI184VT2,SIRI-SI184VT2,Catchment of sensitive area.,28934
SICM-SI186VT3,SIRI-SI186VT3,Catchment of sensitive area.,28934
SICM-SI186VT5,SIRI-SI186VT5,Catchment of sensitive area.,28934
SICM-SI186VT7,SIRI-SI186VT7,Catchment of sensitive area.,28934
SICM-SI188VT5,SIRI-SI188VT5,Catchment of sensitive area.,28934
IT09CSA000000012,IT09SA0000000006,"Delibera Consiglio Regionale della Toscana n. 6 del 25 gennaio 2005.
Gli impianti di trattamento compresi nel calcolo del carico di N totale e P totale sono impianti di potenzialità sia maggiore che minore ai 2000 AE (taglia minima presa in considerazion",28830
ITCM09CSA1000000005,IT09SA0000000001,D.lgs 152/99. Delibera Consiglio Regionale della Toscana n. 172 del 8 ottobre 2003.,28830
ITCM09CSA1000000006,IT09SA0000000005,D.lgs.152/99. Delibera Consiglio Regionale della Toscana n. 171del 8 ottobre 2003.,28830
ITCM09CSA1000000007,IT09SA0000000002,D.lgs 152/99. Delibera Consiglio Regionale della Toscana n. 171 del 8 ottobre 2003.,28830
ITCM09CSA1000000008,IT09SA0000000003,D.lgs 152/99. Delibera Consiglio Regionale della Toscana n. 170 del 8 ottobre 2003.,28830
ITCM09CSA1000000009,IT09SA0000000004,D. lgs.152/99. Delibera Consiglio Regionale della Toscana n. 171del 8 ottobre 2003,28830
ITCM10CSA000000010,ITLK10SA0000000004,,28830
ITCM10CSA000000010,ITLK10SA0000000004,L. di Piediluco,28830
ITCM12CSA000000002,ITLK12SA0000000001,,28830
ITCM12CSA000000003,ITLK12SA0000000002,,28830
ITCM12CSA000000004,ITLK12SA0000000003,,28830
ITCM12CSA000000005,ITLK12SA0000000005,,28830
ITCM12CSA000000006,ITLK12SA0000000006,,28830
ITCM12CSA000000007,ITLK12SA0000000007,,28830
ITCM12CSA000000008,ITLK12SA0000000008,,28830
ITCM12CSA000000010,ITTW12SA0000000010,,28830
ITCM12CSA000000011,ITTW12SA1000000011,,28830
ITCM12CSA000000012,ITLK12SA0000000012,,28830
ITCM12CSA000000013,ITLK12SA0000000013,,28830
ITCM12CSA000000014,ITLK12SA0000000014,,28830
ITCM12CSA000000015,ITCA12SA0000000001,,28830
ITCM12CSA100000001,ITLK12SA1000000004,,28830
ITCM12CSA100000009,ITLK12SA2000000009,,28830
ITCM12CSA200000001,ITLK12SA2000000004,,28830
ITCM12CSA200000009,ITLK12SA1000000009,,28830
ITCM12CSA200000011,ITLK12SA0000000011,,28830
ITCM14CSA000000001,ITLK14SA0000000001,,28830
ITCM16CSA000000009,ITTW16SA0000000001,"DGR 4 agosto 2009, n. 1441 - Piano di Tutela delle Acque della Regione Puglia - Tavola 11.1.",28830
ITCM16CSA000000010,ITTW16SA0000000002,"DGR 4 agosto 2009, n. 1441 - Piano di Tutela delle Acque della Regione Puglia - Tavola 11.1.",28830
ITCM16CSA000000011,ITTW16SA0000000003,"DGR 4 agosto 2009, n. 1441 - Piano di Tutela delle Acque della Regione Puglia - Tavola 11.1.",28830
ITCM16CSA000000012,ITTW16SA0000000004,"DGR 4 agosto 2009, n. 1441 - Piano di Tutela delle Acque della Regione Puglia - Tavola 11.1.",28830
ITCM16CSA000000013,ITTW16SA0000000005,"DGR 4 agosto 2009, n. 1441 - Piano di Tutela delle Acque della Regione Puglia - Tavola 11.1.",28830
ITCM16CSA000000014,ITLK16SA0000000006,,28830
ITCM16CSA000000014,ITLK16SA0000000006,"DGR 4 agosto 2009, n. 1441 - Piano di Tutela delle Acque della Regione Puglia - Tavola 11.1.",28830
ITCM16CSA000000015,ITLK16SA0000000007,"DGR 4 agosto 2009, n. 1441 - Piano di Tutela delle Acque della Regione Puglia - Tavola 11.1.",28830
ITCM16CSA000000016,ITCA16SA0000000008,"DGR 4 agosto 2009, n. 1441 - Piano di Tutela delle Acque della Regione Puglia - Tavola 11.1.",28830
ITCM17CSA0000000001,ITLK17SA0000000001,invaso_Acerenza,28830
ITCM17CSA0000000002,ITLK17SA0000000002,invaso_Basentello,28830
ITCM17CSA0000000003,ITLK17SA0000000003,invaso_Camastra,28830
ITCM17CSA0000000004,ITLK17SA0000000004,invaso_Cogliandrino,28830
ITCM17CSA0000000005,ITLK17SA0000000005,invaso_Genzano,28830
ITCM17CSA0000000006,ITLK17SA0000000006,invaso_Monte_Cotugno,28830
ITCM17CSA0000000007,ITLK17SA0000000007,invaso_Pertusillo,28830
ITCM17CSA0000000008,ITLK17SA0000000008,invaso_Rendina,28830
ITCM17CSA0000000009,ITLK17SA0000000009,invaso_S_Giuliano,28830
ITCM17CSA0000000010,ITLK17SA0000000010,laghi_Monticchio,28830
ITCM17CSA0000000011,ITLK17SA0000000011,lago_Pantano,28830
ITCM19CSA09000003,ITCA19SA09000001,,28830
ITCM19CSA09000004,ITTW19SA09000002,,28830
ITCM20CSA000000001,ITLK20SA0000000091,,28830
ITCM20CSA000000002,ITLK20SA0000000067,,28830
ITCM20CSA000000003,ITTW20SA0000000003,,28830
ITCM20CSA000000004,ITCA20SA0000000021,,28830
ITCM20CSA000000005,ITTW20SA0000000037,,28830
ITCM20CSA000000006,ITTW20SA0000000038,,28830
ITCM20CSA000000007,ITCA20SA0000000029,,28830
ITCM20CSA000000008,ITLK20SA0000000086,,28830
ITCM20CSA000000009,ITLK20SA0000000078,,28830
ITCM20CSA000000010,ITLK20SA0000000088,,28830
ITCM20CSA000000011,ITLK20SA0000000082,,28830
ITCM20CSA000000012,ITLK20SA0000000102,,28830
ITCM20CSA000000013,ITLK20SA0000000083,,28830
ITCM20CSA000000014,ITLK20SA0000000101,,28830
ITCM20CSA000000015,ITLK20SA0000000103,,28830
ITCM20CSA000000016,ITLK20SA0000000081,,28830
ITCM20CSA000000017,ITLK20SA0000000084,,28830
ITCM20CSA000000018,ITLK20SA0000000080,,28830
ITCM20CSA000000019,ITLK20SA0000000100,,28830
ITCM20CSA000000020,ITLK20SA0000000096,,28830
ITCM20CSA000000021,ITLK20SA0000000099,,28830
ITCM20CSA000000022,ITLK20SA0000000075,,28830
ITCM20CSA000000023,ITLK20SA0000000074,,28830
ITCM20CSA000000024,ITLK20SA0000000069,,28830
ITCM20CSA000000025,ITLK20SA0000000092,,28830
ITCM20CSA000000026,ITLK20SA0000000071,,28830
ITCM20CSA000000027,ITLK20SA0000000072,,28830
ITCM20CSA000000028,ITLK20SA0000000070,,28830
ITCM20CSA000000029,ITLK20SA0000000073,,28830
ITCM20CSA000000030,ITLK20SA0000000062,,28830
ITCM20CSA000000031,ITLK20SA0000000059,,28830
ITCM20CSA000000032,ITLK20SA0000000009,,28830
ITCM20CSA000000033,ITLK20SA0000000089,,28830
ITCM20CSA000000034,ITLK20SA0000000061,,28830
ITCM20CSA000000035,ITLK20SA0000000066,,28830
ITCM20CSA000000036,ITLK20SA0000000090,,28830
ITCM20CSA000000037,ITLK20SA0000000085,,28830
ITCM20CSA000000038,ITLK20SA0000000064,,28830
ITCM20CSA000000039,ITLK20SA0000000093,,28830
ITCM20CSA000000040,ITLK20SA0000000065,,28830
ITCM20CSA000000041,ITLK20SA0000000060,,28830
ITCM20CSA000000042,ITLK20SA0000000068,,28830
ITCM20CSA000000043,ITLK20SA0000000094,,28830
ITCM20CSA000000044,ITLK20SA0000000020,,28830
ITCM20CSA000000045,ITTW20SA0000000042,,28830
ITCM20CSA000000046,ITTW20SA0000000032,,28830
ITCM20CSA000000047,ITTW20SA0000000014,,28830
ITCM20CSA000000048,ITTW20SA0000000028,,28830
ITCM20CSA000000049,ITTW20SA0000000012,,28830
ITCM20CSA000000050,ITTW20SA0000000010,,28830
ITCM20CSA000000051,ITTW20SA0000000011,,28830
ITCM20CSA000000052,ITTW20SA0000000033,,28830
ITCM20CSA000000053,ITTW20SA0000000034,,28830
ITCM20CSA000000054,ITTW20SA0000000025,,28830
ITCM20CSA000000055,ITTW20SA0000000015,,28830
ITCM20CSA000000056,ITTW20SA0000000027,,28830
ITCM20CSA000000057,ITTW20SA0000000024,,28830
ITCM20CSA000000058,ITTW20SA0000000031,,28830
ITCM20CSA000000059,ITTW20SA0000000035,,28830
ITCM20CSA000000060,ITTW20SA0000000023,,28830
ITCM20CSA000000061,ITTW20SA0000000054,,28830
ITCM20CSA000000062,ITTW20SA0000000005,,28830
ITCM20CSA000000063,ITTW20SA0000000039,,28830
ITCM20CSA000000064,ITTW20SA0000000007,,28830
ITCM20CSA000000065,ITTW20SA0000000008,,28830
ITCM20CSA000000066,ITTW20SA0000000006,,28830
ITCM20CSA000000067,ITTW20SA0000000016,,28830
ITCM20CSA000000068,ITTW20SA0000000004,,28830
ITCM20CSA000000069,ITTW20SA0000000017,,28830
ITCM20CSA000000070,ITTW20SA0000000040,,28830
ITCM20CSA000000071,ITTW20SA0000000018,,28830
ITCM20CSA000000072,ITTW20SA0000000046,,28830
ITCM20CSA000000073,ITTW20SA0000000002,,28830
ITCM20CSA000000074,ITTW20SA0000000052,,28830
ITCM20CSA000000075,ITTW20SA0000000044,,28830
ITCM20CSA000000076,ITTW20SA0000000055,,28830
ITCM20CSA000000077,ITTW20SA0000000048,,28830
ITCM20CSA000000078,ITTW20SA0000000041,,28830
ITCM20CSA000000079,ITTW20SA0000000047,,28830
ITCM20CSA000000080,ITTW20SA0000000050,,28830
ITCM20CSA000000081,ITTW20SA0000000019,,28830
ITCM20CSA000000082,ITTW20SA0000000058,,28830
ITCM20CSA000000083,ITTW20SA0000000051,,28830
ITCM20CSA000000084,ITTW20SA0000000022,,28830
ITCM20CSA000000085,ITTW20SA0000000001,,28830
ITCM20CSA000000086,ITTW20SA0000000013,,28830
ITCM20CSA000000087,ITTW20SA0000000045,,28830
ITCM20CSA000000088,ITTW20SA0000000030,,28830
ITCM20CSA000000089,ITTW20SA0000000026,,28830
ITCM20CSA000000090,ITLK20SA0000000098,,28830
ITCM20CSA000000091,ITLK20SA0000000097,,28830
ITCM20CSA000000092,ITLK20SA0000000076,,28830
ITCM20CSA000000093,ITLK20SA0000000079,,28830
ITCM20CSA000000094,ITLK20SA0000000063,,28830
ITCM20CSA000000095,ITLK20SA0000000095,,28830
ITCM20CSA000000096,ITLK20SA0000000087,,28830
ITCM20CSA000000097,ITTW20SA0000000057,,28830
ITCM20CSA000000098,ITTW20SA0000000036,,28830
ITCM20CSA000000099,ITTW20SA0000000043,,28830
ITCM20CSA000000100,ITTW20SA0000000049,,28830
ITCM20CSA000000101,ITTW20SA0000000053,,28830
ITCM20CSA000000102,ITTW20SA0000000056,,28830
ITCM20CSA000000103,ITLK20SA0000000077,,28830
ITCM99CSA09000003,ITCA99Q15SA002,Catchment of Adriatico Nord-Occidentale regione Marche,28830
ITCM99CSA10000003,ITCA99Q15SA003,,28830
ITCM10CSA000000007,ITLK10SA0000000001,,28830
ITCM10CSA000000008,ITLK10SA0000000002,,28830
ITCM10CSA000000010,ITLK10SA0000000004,,28830
ITCM10CSA000000011,ITRI10SA0000000005,,28830
ITCM10CSA000000012,ITRI10SA0000000006,,28830
ITCM13CSA1000000003,ITLK13000000000003,,28830
ITCM13CSA1000000001,ITLK13000000000001,,28830
ITCM13CSA1000000002,ITLK13000000000002,,28830
ITCM13CSA1000000004,ITLK13000000000004,,28830
ITCM13CSA1000000001,ITLK13000000000005,,28830
ITCM99CSAQ15001,ITCA99Q15SA001,Catchment of SA name: Catchment Distretto Padano,28830
ITCM99CSAQ15001,ITTW99SA00000002,,28830
ITCM99CSAQ15001,ITLK03Q15SA002,the sensitive area is associated to the catchment of the sensitive area downstream. The parameters of both sensitive areas are identical,28830
ITCM99CSAQ15001,ITLK03Q15SA007,the sensitive area is associated to the catchment of the sensitive area downstream. The parameters of both sensitive areas are identical,28830
ITCM99CSAQ15001,ITLK03SA0000000009,the sensitive area is associated to the catchment of the sensitive area downstream. The parameters of both sensitive areas are identical,28830
ITCM99CSAQ15001,ITLK03SA0000000012,the sensitive area is associated to the catchment of the sensitive area downstream. The parameters of both sensitive areas are identical,28830
ITCM99CSAQ15001,ITLK05SA0000000008,the sensitive area is associated to the catchment of the sensitive area downstream. The parameters of both sensitive areas are identical,28830
ITCM99CSAQ15001,ITRI03SA0900000060,the sensitive area is associated to the catchment of the sensitive area downstream. The parameters of both sensitive areas are identical,28830
ITCM99CSAQ15001,ITRI03SAQ15001,the sensitive area is associated to the catchment of the sensitive area downstream. The parameters of both sensitive areas are identical,28830
ITCM99CSAQ15001,ITRI03SAQ15002,the sensitive area is associated to the catchment of the sensitive area downstream. The parameters of both sensitive areas are identical,28830
ITCM99CSAQ15001,ITRI03SAQ15003,the sensitive area is associated to the catchment of the sensitive area downstream. The parameters of both sensitive areas are identical,28830
ITCM99CSAQ15001,ITRI03SAQ15004,the sensitive area is associated to the catchment of the sensitive area downstream. The parameters of both sensitive areas are identical,28830
ITCM99CSAQ15001,ITRI03SAQ15005,the sensitive area is associated to the catchment of the sensitive area downstream. The parameters of both sensitive areas are identical,28830
ITCM99CSAQ15001,ITTW99SA00000002,,28830
ITCM99CSA0900005,ITCA99Q15SA005,,28830
SECM002,SECA002,"Catchment to sensivite area, southern coast of Sweden (SECA002)",28717
SECM001,SECA001,"Catchment to Sensivite area, northern coast of Sweden (SECA001)",28717
IECM_SW_2001_0032,IETW_SW_2001_0032,,28742
IECM_EA_1994_0001,IERI_EA_1994_0001,,28742
IECM_SH_1994_0007,IELK_SH_1994_0007,,28742
IECM_SH_2010_0002,IERI_SH_2010_0002,,28742
IECM_SW_2004_0041,IETW_SW_2004_0041,,28742
IECM_SE_2001_0015,IERI_SE_2001_0015,,28742
IECM_EA_2001_0026,IETW_EA_2001_0026,,28742
ESCM1000,ESRI1000,,28773
ESCM1001,ESRI1001,,28773
ESCM1002,ESRI1002,,28773
ESCM1003,ESRI1003,,28773
ESCM1004,ESRI1004,,28773
ESCM1005,ESRI1005,,28773
ESCM1006,ESRI1006,,28773
ESCM1007,ESRI1007,,28773
ESCM1008,ESRI1008,,28773
ESCM1009,ESRI1009,,28773
ESCM1010,ESRI1010,,28773
ESCM1011,ESRI1011,,28773
ESCM1012,ESRI1012,,28773
ESCM1013,ESRI1013,,28773
ESCM1014,ESRI1014,,28773
ESCM1015,ESRI1015,,28773
ESCM1016,ESRI1016,,28773
ESCM1017,ESRI1017,,28773
ESCM1018,ESRI1018,,28773
ESCM1019,ESLK1019,,28773
ESCM1020,ESLK1020,,28773
ESCM1021,ESLK1021,,28773
ESCM1022,ESLK1022,,28773
ESCM1023,ESLK1023,,28773
ESCM1024,ESLK1024,,28773
ESCM1025,ESLK1025,,28773
ESCM360,ESRI360,,28773
ESCM1027,ESRI1027,,28773
ESCM1028,ESRI1028,,28773
ESCM1029,ESRI1029,,28773
ESCM1030,ESRI1030,,28773
ESCM1031,ESRI1031,,28773
ESCM1032,ESRI1032,,28773
ESCM361,ESRI361,,28773
ESCM362,ESRI362,,28773
ESCM363,ESRI363,,28773
ESCM364,ESRI364,,28773
ESCM365,ESRI365,,28773
ESCM368,ESRI368,,28773
ESCM366,ESRI366,,28773
ESCM367,ESRI367,,28773
ESCM369,ESRI369,,28773
ESCM370,ESRI370,,28773
ESCM371,ESRI371,,28773
ESCM373,ESRI373,,28773
ESCM374,ESRI374,,28773
ESCM375,ESRI375,,28773
ESCM441,ESCA441,,28773
ESCM376,ESRI376,,28773
ESCM378,ESRI378,,28773
ESCM379,ESRI379,,28773
ESCM380,ESRI380,,28773
ESCM381,ESRI381,,28773
ESCM382,ESRI382,,28773
ESCM383,ESRI383,,28773
ESCM384,ESRI384,,28773
ESCM385,ESRI385,,28773
ESCM386,ESRI386,,28773
ESCM388,ESRI388,,28773
ESCM389,ESRI389,,28773
ESCM390,ESRI390,,28773
ESCM391,ESRI391,,28773
ESCM392,ESRI392,,28773
ESCM393,ESRI393,,28773
ESCM394,ESRI394,,28773
ESCM395,ESRI395,,28773
ESCM396,ESRI396,,28773
ESCM397,ESRI397,,28773
ESCM398,ESRI398,,28773
ESCM399,ESRI399,,28773
ESCM400,ESRI400,,28773
ESCM401,ESRI401,,28773
ESCM405,ESRI405,,28773
ESCM406,ESRI406,,28773
ESCM408,ESRI408,,28773
ESCM410,ESRI410,,28773
ESCM414,ESRI414,,28773
ESCM415,ESRI415,,28773
ESCM1195,ESLK1195,,28773
ESCM1196,ESLK1196,,28773
ESCM1197,ESLK1197,,28773
ESCM419,ESRI419,,28773
ESCM420,ESRI420,,28773
ESCM422,ESRI422,,28773
ESCM423,ESRI423,,28773
ESCM424,ESRI424,,28773
ESCM425,ESRI425,,28773
ESCM428,ESRI428,,28773
ESCM429,ESRI429,,28773
ESCM432,ESRI432,,28773
ESCM433,ESRI433,,28773
ESCM437,ESCA437,,28773
ESCM438,ESCA438,,28773
ESCM439,ESCA439,,28773
ESCM440,ESCA440,,28773
ESCM449,ESCA449,,28773
ESCM442,ESRI442,,28773
ESCM446,ESLK446,,28773
ESCM447,ESCA447,,28773
ESCM448,ESCA448,,28773
ESCM450,ESCA450,,28773
ESCM459,ESLK459,,28773
ESCM620,ESCA620,,28773
ESCM621,ESCA621,,28773
ESCM466,ESRI466,,28773
ESCM467,ESRI467,,28773
ESCM468,ESRI468,,28773
ESCM469,ESRI469,,28773
ESCM470,ESRI470,,28773
ESCM471,ESRI471,,28773
ESCM472,ESRI472,,28773
ESCM473,ESRI473,,28773
ESCM474,ESRI474,,28773
ESCM475,ESRI475,,28773
ESCM476,ESRI476,,28773
ESCM477,ESRI477,,28773
ESCM478,ESRI478,,28773
ESCM479,ESRI479,,28773
ESCM480,ESRI480,,28773
ESCM481,ESRI481,,28773
ESCM482,ESLK482,,28773
ESCM483,ESRI483,,28773
ESCM484,ESRI484,,28773
ESCM487,ESRI487,,28773
ESCM488,ESRI488,,28773
ESCM489,ESRI489,,28773
ESCM490,ESRI490,,28773
ESCM491,ESRI491,,28773
ESCM492,ESLK492,,28773
ESCM493,ESRI493,,28773
ESCM494,ESRI494,,28773
ESCM495,ESRI495,,28773
ESCM496,ESRI496,,28773
ESCM497,ESRI497,,28773
ESCM498,ESRI498,,28773
ESCM499,ESRI499,,28773
ESCM500,ESRI500,,28773
ESCM501,ESRI501,,28773
ESCM502,ESRI502,,28773
ESCM503,ESRI503,,28773
ESCM504,ESRI504,,28773
ESCM505,ESRI505,,28773
ESCM506,ESRI506,,28773
ESCM507,ESRI507,,28773
ESCM508,ESRI508,,28773
ESCM509,ESRI509,,28773
ESCM510,ESRI510,,28773
ESCM511,ESRI511,,28773
ESCM512,ESRI512,,28773
ESCM513,ESRI513,,28773
ESCM514,ESRI514,,28773
ESCM515,ESRI515,,28773
ESCM516,ESRI516,,28773
ESCM517,ESRI517,,28773
ESCM518,ESRI518,,28773
ESCM519,ESRI519,,28773
ESCM520,ESRI520,,28773
ESCM521,ESRI521,,28773
ESCM522,ESRI522,,28773
ESCM523,ESRI523,,28773
ESCM524,ESRI524,,28773
ESCM525,ESRI525,,28773
ESCM526,ESRI526,,28773
ESCM527,ESRI527,,28773
ESCM528,ESRI528,,28773
ESCM529,ESRI529,,28773
ESCM530,ESRI530,,28773
ESCM531,ESRI531,,28773
ESCM532,ESRI532,,28773
ESCM533,ESRI533,,28773
ESCM534,ESRI534,,28773
ESCM535,ESRI535,,28773
ESCM536,ESRI536,,28773
ESCM537,ESRI537,,28773
ESCM538,ESRI538,,28773
ESCM539,ESRI539,,28773
ESCM540,ESRI540,,28773
ESCM541,ESRI541,,28773
ESCM542,ESRI542,,28773
ESCM543,ESRI543,,28773
ESCM544,ESRI544,,28773
ESCM545,ESRI545,,28773
ESCM546,ESRI546,,28773
ESCM547,ESRI547,,28773
ESCM548,ESRI548,,28773
ESCM549,ESRI549,,28773
ESCM550,ESRI550,,28773
ESCM551,ESRI551,,28773
ESCM552,ESRI552,,28773
ESCM553,ESRI553,,28773
ESCM554,ESRI554,,28773
ESCM651,ESLK651,,28773
ESCM652,ESLK652,,28773
ESCM555,ESRI555,,28773
ESCM556,ESRI556,,28773
ESCM557,ESRI557,,28773
ESCM558,ESRI558,,28773
ESCM559,ESRI559,,28773
ESCM560,ESRI560,,28773
ESCM561,ESRI561,,28773
ESCM562,ESRI562,,28773
ESCM563,ESRI563,,28773
ESCM564,ESRI564,,28773
ESCM565,ESRI565,,28773
ESCM566,ESRI566,,28773
ESCM567,ESRI567,,28773
ESCM568,ESRI568,,28773
ESCM569,ESRI569,,28773
ESCM570,ESRI570,,28773
ESCM571,ESRI571,,28773
ESCM572,ESRI572,,28773
ESCM573,ESRI573,,28773
ESCM574,ESRI574,,28773
ESCM575,ESRI575,,28773
ESCM576,ESRI576,,28773
ESCM577,ESRI577,,28773
ESCM578,ESRI578,,28773
ESCM579,ESLK579,,28773
ESCM580,ESRI580,,28773
ESCM581,ESRI581,,28773
ESCM582,ESRI582,,28773
ESCM583,ESLK583,,28773
ESCM584,ESRI584,,28773
ESCM585,ESRI585,,28773
ESCM586,ESRI586,,28773
ESCM587,ESRI587,,28773
ESCM588,ESRI588,,28773
ESCM589,ESRI589,,28773
ESCM590,ESRI590,,28773
ESCM591,ESRI591,,28773
ESCM592,ESRI592,,28773
ESCM593,ESRI593,,28773
ESCM594,ESRI594,,28773
ESCM595,ESRI595,,28773
ESCM596,ESRI596,,28773
ESCM597,ESRI597,,28773
ESCM598,ESRI598,,28773
ESCM599,ESRI599,,28773
ESCM600,ESRI600,,28773
ESCM601,ESRI601,,28773
ESCM604,ESRI604,,28773
ESCM605,ESRI605,,28773
ESCM606,ESRI606,,28773
ESCM607,ESRI607,,28773
ESCM608,ESRI608,,28773
ESCM609,ESRI609,,28773
ESCM610,ESRI610,,28773
ESCM611,ESRI611,,28773
ESCM612,ESRI612,,28773
ESCM613,ESRI613,,28773
ESCM618,ESRI618,,28773
ESCM619,ESRI619,,28773
ESCM622,ESCA622,,28773
ESCM623,ESCA623,,28773
ESCM624,ESCA624,,28773
ESCM625,ESCA625,,28773
ESCM626,ESCA626,,28773
ESCM636,ESCA636,,28773
ESCM646,ESCA646,,28773
ESCM627,ESCA627,,28773
ESCM647,ESCA647,,28773
ESCM653,ESLK653,,28773
ESCM654,ESLK654,,28773
ESCM485,ESRI485,,28773
ESCM615,ESRI615,,28773
ESCM648,ESCA648,,28773
ESCM649,ESCA649,,28773
ESCM656,ESLK656,,28773
ESCM637,ESCA637,,28773
ESCM638,ESCA638,,28773
ESCM639,ESCA639,,28773
ESCM640,ESCA640,,28773
ESCM641,ESCA641,,28773
ESCM642,ESCA642,,28773
ESCM657,ESLK657,,28773
ESCM658,ESLK658,,28773
ESCM659,ESCA659,,28773
ESCM674,ESCA674,,28773
ESCM675,ESCA675,,28773
ESCM676,ESCA676,,28773
ESCM677,ESCA677,,28773
ESCM678,ESCA678,,28773
ESCM679,ESCA679,,28773
ESCM680,ESCA680,,28773
ESCM655,ESLK655,,28773
ESCM681,ESCA681,,28773
ESCM682,ESCA682,,28773
ESCM683,ESCA683,,28773
ESCM684,ESCA684,,28773
ESCM660,ESLK660,,28773
ESCM661,ESCA661,,28773
ESCM662,ESCA662,,28773
ESCM663,ESCA663,,28773
ESCM664,ESCA664,,28773
ESCM685,ESCA685,,28773
ESCM686,ESCA686,,28773
ESCM667,ESLK667,,28773
ESCM668,ESRI668,,28773
ESCM687,ESCA687,,28773
ESCM688,ESCA688,,28773
ESCM671,ESCA671,,28773
ESCM672,ESCA672,,28773
ESCM689,ESCA689,,28773
ESCM690,ESCA690,,28773
ESCM691,ESCA691,,28773
ESCM693,ESCA693,,28773
ESCM697,ESCA697,,28773
ESCM698,ESCA698,,28773
ESCM699,ESCA699,,28773
ESCM700,ESCA700,,28773
ESCM701,ESCA701,,28773
ESCM702,ESCA702,,28773
ESCM703,ESCA703,,28773
ESCM704,ESCA704,,28773
ESCM705,ESCA705,,28773
ESCM706,ESCA706,,28773
ESCM707,ESCA707,,28773
ESCM708,ESCA708,,28773
ESCM709,ESCA709,,28773
ESCM710,ESCA710,,28773
ESCM711,ESCA711,,28773
ESCM692,ESCA692,,28773
ESCM712,ESCA712,,28773
ESCM694,ESCA694,,28773
ESCM695,ESCA695,,28773
ESCM696,ESCA696,,28773
ESCM713,ESCA713,,28773
ESCM714,ESCA714,,28773
ESCM715,ESCA715,,28773
ESCM716,ESCA716,,28773
ESCM717,ESCA717,,28773
ESCM718,ESCA718,,28773
ESCM616,ESRI616,,28773
ESCM650,ESLK650,,28773
ESCM486,ESRI486,,28773
ESCM614,ESRI614,,28773
ESCM617,ESRI617,,28773
ESCM719,ESCA719,,28773
ESCM720,ESCA720,,28773
ESCM721,ESCA721,,28773
ESCM722,ESCA722,,28773
ESCM723,ESCA723,,28773
ESCM724,ESCA724,,28773
ESCM725,ESCA725,,28773
ESCM726,ESCA726,,28773
ESCM727,ESCA727,,28773
ESCM728,ESCA728,,28773
ESCM729,ESCA729,,28773
ESCM730,ESCA730,,28773
ESCM731,ESCA731,,28773
ESCM732,ESCA732,,28773
ESCM733,ESCA733,,28773
ESCM734,ESCA734,,28773
ESCM735,ESCA735,,28773
ESCM736,ESCA736,,28773
ESCM737,ESCA737,,28773
ESCM738,ESCA738,,28773
ESCM739,ESCA739,,28773
ESCM740,ESCA740,,28773
ESCM742,ESCA742,,28773
ESCM744,ESCA744,,28773
ESCM745,ESCA745,,28773
ESCM746,ESCA746,,28773
ESCM747,ESCA747,,28773
ESCM749,ESCA749,,28773
ESCM1026,ESRI1026,,28773
ESCM372,ESRI372,,28773
ESCM628,ESCA628,,28773
ESCM629,ESCA629,,28773
ESCM630,ESCA630,,28773
ESCM631,ESCA631,,28773
ESCM632,ESCA632,,28773
ESCM633,ESCA633,,28773
SICM-SI43VT10,SIRI-SI43VT10,Catchment of sensitive area.,28934
SICM-SI43VT30,SIRI-SI43VT30,Catchment of sensitive area.,28934
SICM-SI43VT50,SIRI-SI43VT50,Catchment of sensitive area.,28934
SICM-SI441VT,SIRI-SI441VT,Catchment of sensitive area.,28934
SICM-SI4426VT1,SIRI-SI4426VT1,Catchment of sensitive area.,28934
SICM-SI4426VT2,SIRI-SI4426VT2,Catchment of sensitive area.,28934
SICM-SI442VT11,SIRI-SI442VT11,Catchment of sensitive area.,28934
SICM-SI442VT12,SILK-SI442VT12,Catchment of sensitive area.,28934
SICM-SI442VT91,SIRI-SI442VT91,Catchment of sensitive area.,28934
SICM-SI442VT92,SIRI-SI442VT92,Catchment of sensitive area.,28934
SICM-SI512VT11,SIRI-SI512VT11,Catchment of sensitive area.,28934
SICM-SI512VT12,SIRI-SI512VT12,Catchment of sensitive area.,28934
SICM-SI512VT3,SIRI-SI512VT3,Catchment of sensitive area.,28934
SICM-SI512VT51,SIRI-SI512VT51,Catchment of sensitive area.,28934
SICM-SI512VT52,SIRI-SI512VT52,Catchment of sensitive area.,28934
SICM-SI518VT3,SIRI-SI518VT3,Catchment of sensitive area.,28934
SICM-SI5212VT1,SILK-SI5212VT1,Catchment of sensitive area.,28934
SICM-SI5212VT2,SIRI-SI5212VT2,Catchment of sensitive area.,28934
SICM-SI5212VT3,SILK-SI5212VT3,Catchment of sensitive area.,28934
SICM-SI5212VT4,SIRI-SI5212VT4,Catchment of sensitive area.,28934
SICM-SI52VT11,SIRI-SI52VT11,Catchment of sensitive area.,28934
SICM-SI52VT15,SIRI-SI52VT15,Catchment of sensitive area.,28934
SICM-SI52VT19,SIRI-SI52VT19,Catchment of sensitive area.,28934
SICM-SI5VT1,SICA-SI5VT1,Catchment of sensitive area.,28934
SICM-SI5VT2,SICA-SI5VT2,Catchment of sensitive area.,28934
SICM-SI5VT3,SICA-SI5VT3,Catchment of sensitive area.,28934
SICM-SI5VT4,SICA-SI5VT4,Catchment of sensitive area.,28934
SICM-SI5VT5,SICA-SI5VT5,Catchment of sensitive area.,28934
SICM-SI5VT6,SICA-SI5VT6,Catchment of sensitive area.,28934
SICM-SI5VTA,SIRI-SI5VTA,Catchment of sensitive area.,28934
SICM-SI62VT70,SIRI-SI62VT70,Catchment of sensitive area.,28934
SICM-SI66VT102,SIRI-SI66VT102,Catchment of sensitive area.,28934
SICM-SI6VT157,SIRI-SI6VT157,Catchment of sensitive area.,28934
SICM-SI6VT330,SIRI-SI6VT330,Catchment of sensitive area.,28934
SICM-SI66VT101,SIRI-SI66VT102,Catchment of sensitive area.,28934
SICM-SI626VT,SIRI-SI62VT70,Catchment of sensitive area.,28934
SICM-SI62VT13,SIRI-SI62VT70,Catchment of sensitive area.,28934
SICM-SI628VT,SIRI-SI62VT70,Catchment of sensitive area.,28934
SICM-SI6VT119,SIRI-SI6VT157,Catchment of sensitive area.,28934
HRCM_41031000,HRCA_41011000,,28242
HRCM_41031003,HRCA_41011003,,28242
HRCM_41031012,HRCA_41011012,,28242
HRCM_41031013,HRCA_41011013,,28242
HRCM_41031014,HRCA_41011014,,28242
HRCM_41031017,HRCA_41011017,,28242
HRCM_41031018,HRCA_41011018,,28242
HRCM_41031022,HRCA_41011022,,28242
HRCM_41031031,HRCA_41011031,,28242
HRCM_41031048,HRCA_41011048,,28242
HRCM_62011001,HRCA_61011001,,28242
HRCM_62011002,HRCA_61011002,,28242
HRCM_62011004,HRCA_61011004,,28242
HRCM_62011005,HRCA_61011005,,28242
HRCM_62011006,HRCA_61011006,,28242
HRCM_62011007,HRCA_61011007,,28242
HRCM_62011008,HRCA_61011008,,28242
HRCM_62011009,HRCA_61011009,,28242
HRCM_62011010,HRCA_61011010,,28242
HRCM_62011011,HRCA_61011011,,28242
HRCM_62011015,HRCA_61011015,,28242
HRCM_62011016,HRCA_61011016,,28242
HRCM_62011019,HRCA_61011019,,28242
HRCM_62011020,HRCA_61011020,,28242
HRCM_62011021,HRCA_61011021,,28242
HRCM_62011023,HRCA_61011023,,28242
HRCM_62011024,HRCA_61011024,,28242
HRCM_62011025,HRCA_61011025,,28242
HRCM_62011026,HRCA_61011026,,28242
HRCM_62011027,HRCA_61011027,,28242
HRCM_62011028,HRCA_61011028,,28242
HRCM_62011029,HRCA_61011029,,28242
HRCM_62011030,HRCA_61011030,,28242
HRCM_62011032,HRCA_61011032,,28242
HRCM_62011033,HRCA_61011033,,28242
HRCM_62011034,HRCA_61011034,,28242
HRCM_62011035,HRCA_61011035,,28242
HRCM_62011036,HRCA_61011036,,28242
HRCM_62011037,HRCA_61011037,,28242
HRCM_62011038,HRCA_61011038,,28242
HRCM_62011039,HRCA_61011039,,28242
HRCM_62011040,HRCA_61011040,,28242
HRCM_62011041,HRCA_61011041,,28242
HRCM_62011042,HRCA_61011042,,28242
HRCM_62011043,HRCA_61011043,,28242
HRCM_62011044,HRCA_61011044,,28242
HRCM_62011045,HRCA_61011045,,28242
HRCM_62011046,HRCA_61011046,,28242
HRCM_62011047,HRCA_61011047,,28242
HRCM_62011049,HRCA_61011049,,28242
HRCM_62011050,HRCA_61011050,,28242
HRCM_62011051,HRCA_61011051,,28242
HRCM_62011052,HRCA_61011052,,28242
HRCM_62011053,HRCA_61011053,,28242
FR_SA_CM_01214,FR_SA_RI_01214,,28443
FR_SA_CM_01215,FR_SA_RI_01215,,28443
FR_SA_CM_01216,FR_SA_RI_01216,,28443
FR_SA_CM_02019,FR_SA_RI_02019,,28443
FR_SA_CM_02020,FR_SA_RI_02020,,28443
FR_SA_CM_02021,FR_SA_RI_02021,,28443
FR_SA_CM_02022,FR_SA_RI_02022,,28443
FR_SA_CM_03202,FR_SA_RI_03202,,28443
FR_SA_CM_03203,FR_SA_RI_03203,,28443
FR_SA_CM_03204,FR_SA_RI_03204,,28443
FR_SA_CM_03205,FR_SA_RI_03205,,28443
FR_SA_CM_03207,FR_SA_RI_03207,,28443
FR_SA_CM_03208,FR_SA_RI_03208,,28443
FR_SA_CM_03209,FR_SA_RI_03209,,28443
FR_SA_CM_04201,FR_SA_RI_04201,,28443
FR_SA_CM_04202,FR_SA_RI_04202,,28443
FR_SA_CM_04203,FR_SA_RI_04203,,28443
FR_SA_CM_04204,FR_SA_RI_04204,,28443
FR_SA_CM_04205,FR_SA_RI_04205,,28443
FR_SA_CM_04206,FR_SA_RI_04206,,28443
FR_SA_CM_04207,FR_SA_RI_04207,,28443
FR_SA_CM_04208,FR_SA_RI_04208,,28443
FR_SA_CM_04209,FR_SA_RI_04209,,28443
FR_SA_CM_04210,FR_SA_RI_04210,,28443
FR_SA_CM_04211,FR_SA_RI_04211,,28443
FR_SA_CM_04212,FR_SA_RI_04212,,28443
FR_SA_CM_04213,FR_SA_RI_04213,,28443
FR_SA_CM_04214,FR_SA_RI_04214,,28443
FR_SA_CM_04217,FR_SA_RI_04217,,28443
FR_SA_CM_04218,FR_SA_RI_04218,,28443
FR_SA_CM_04219,FR_SA_RI_04219,,28443
FR_SA_CM_04220,FR_SA_RI_04220,,28443
FR_SA_CM_04221,FR_SA_RI_04221,,28443
FR_SA_CM_04222,FR_SA_RI_04222,,28443
FR_SA_CM_05001,FR_SA_RI_05001,,28443
FR_SA_CM_05002,FR_SA_RI_05002,,28443
FR_SA_CM_05003,FR_SA_RI_05003,,28443
FR_SA_CM_05004,FR_SA_RI_05004,,28443
FR_SA_CM_05005,FR_SA_RI_05005,,28443
FR_SA_CM_05006,FR_SA_RI_05006,,28443
FR_SA_CM_05007,FR_SA_RI_05007,,28443
FR_SA_CM_05008,FR_SA_RI_05008,,28443
FR_SA_CM_05009,FR_SA_RI_05009,,28443
FR_SA_CM_05010,FR_SA_RI_05010,,28443
FR_SA_CM_05011,FR_SA_RI_05011,,28443
FR_SA_CM_05012,FR_SA_RI_05012,,28443
FR_SA_CM_05013,FR_SA_RI_05013,,28443
FR_SA_CM_05014,FR_SA_RI_05014,,28443
FR_SA_CM_05015,FR_SA_RI_05015,,28443
FR_SA_CM_05016,FR_SA_RI_05016,,28443
FR_SA_CM_05017,FR_SA_RI_05017,,28443
FR_SA_CM_05018,FR_SA_RI_05018,,28443
FR_SA_CM_05019,FR_SA_RI_05019,,28443
FR_SA_CM_05020,FR_SA_RI_05020,,28443
FR_SA_CM_05021,FR_SA_RI_05021,,28443
FR_SA_CM_05113,FR_SA_RI_05113,,28443
FR_SA_CM_05114,FR_SA_RI_05114,,28443
FR_SA_CM_05116,FR_SA_RI_05116,,28443
FR_SA_CM_05216,FR_SA_RI_05216,,28443
FR_SA_CM_06225,FR_SA_RI_06225,,28443
FR_SA_CM_06226,FR_SA_RI_06226,,28443
FR_SA_CM_06227,FR_SA_RI_06227,,28443
FR_SA_CM_06228,FR_SA_RI_06228,,28443
FR_SA_CM_06229,FR_SA_RI_06229,,28443
FR_SA_CM_06230,FR_SA_RI_06230,,28443
FR_SA_CM_06301,FR_SA_RI_06301,,28443
FR_SA_CM_06302,FR_SA_RI_06302,,28443
FR_SA_CM_06303,FR_SA_RI_06303,,28443
FR_SA_CM_06304,FR_SA_RI_06304,,28443
FR_SA_CM_06305,FR_SA_RI_06305,,28443
FR_SA_CM_06306,FR_SA_RI_06306,,28443
FR_SA_CM_06307,FR_SA_RI_06307,,28443
FR_SA_CM_06308,FR_SA_RI_06308,,28443
FR_SA_CM_06309,FR_SA_RI_06309,,28443
FR_SA_CM_06310,FR_SA_RI_06310,,28443
FR_SA_CM_06311,FR_SA_RI_06311,,28443
FR_SA_CM_06312,FR_SA_RI_06312,,28443
FR_SA_CM_06313,FR_SA_RI_06313,,28443
FR_SA_CM_06314,FR_SA_RI_06314,,28443
FR_SA_CM_06315,FR_SA_RI_06315,,28443
FR_SA_CM_06316,FR_SA_RI_06316,,28443
FR_SA_CM_06317,FR_SA_RI_06317,,28443
FR_SA_CM_06318,FR_SA_RI_06318,,28443
FR_SA_CM_06319,FR_SA_RI_06319,,28443
FR_SA_CM_06320,FR_SA_RI_06320,,28443
FR_SA_CM_06321,FR_SA_RI_06321,,28443
FR_SA_CM_06322,FR_SA_RI_06322,,28443
FR_SA_CM_10103,FR_SA_RI_10103,,28443
FR_SA_CM_03203,FR_SA_CA_03206,,28443
FR_SA_CM_05009,FR_SA_CA_05009,,28443
FR_SA_CM_10103,FR_SA_CA_10102,,28443
ELCSA22,ELSACA01,,28024
ELCSA14,ELSACA02,,28024
ELCSA43,ELSACA02,,28024
ELCSA41,ELSACA02,,28024
ELCSA48,ELSACA03,,28024
ELCSA05,ELSACA04,,28024
ELCSA06,ELSACA04,,28024
ELCSA40,ELSACA04,,28024
ELCSA42,ELSACA04,,28024
ELCSA08,ELSACA04,,28024
ELCSA09,ELSACA04,,28024
ELCSA23,ELSACA05,,28024
ELCSA24,ELSACA05,,28024
ELCSA41,ELSACA06,,28024
ELCSA43,ELSACA06,,28024
ELCSA27,ELSALK01,,28024
ELCSA18,ELSALK02,,28024
ELCSA21,ELSALK03,,28024
ELCSA21,ELSALK04,,28024
ELCSA12,ELSALK05,,28024
ELCSA47,ELSALK06,,28024
ELCSA16,ELSALK07,,28024
ELCSA01,ELSALK08,,28024
ELCSA03,ELSARV01,,28024
ELCSA08,ELSARV02,,28024
ELCSA07,ELSARV03,,28024
ELCSA32,ELSARV04,,28024
ELCSA33,ELSARV05,,28024
ELCSA44,ELSARV06,,28024
ELCSA04,ELSARV07,,28024
ELCSA30,ELSARV08,,28024
ELCSA28,ELSARV09,,28024
ELCSA09,ELSARV10,,28024
ELCSA20,ELSARV11,,28024
ELCSA17,ELSARV12,,28024
ELCSA25,ELSARV13,,28024
ELCSA15,ELSARV14,,28024
ELCSA45,ELSARV15,,28024
ELCSA46,ELSARV16,,28024
ELCSA19,ELSARV17,,28024
ELCSA24,ELSARV18,,28024
ELCSA24,ELSARV19,,28024
ELCSA26,ELSARV20,,28024
ELCSA36,ELSARV21,,28024
ELCSA27,ELSARV22,,28024
ELCSA12,ELSARV23,,28024
ELCSA39,ELSARV24,,28024
ELCSA35,ELSARV25,,28024
ELCSA37,ELSARV26,,28024
ELCSA38,ELSARV27,,28024
ELCSA12,ELSARV28,,28024
ELCSA32,ELSATW01,,28024
ELCSA03,ELSATW02,,28024
ELCSA02,ELSATW03,,28024
ELCSA29,ELSATW04,,28024
PTCM01,PTRI01,,28666
PTCM02,PTRI02,,28666
PTCM03,PTLK03,,28666
PTCM04,PTLK04,,28666
PTCM05,PTLK05,,28666
PTCM06,PTLK06,,28666
PTCM07,PTRI07,,28666
PTCM08,PTLK08,,28666
PTCM09,PTLK09,,28666
PTCM10,PTTW10,,28666
PTCM11,PTRI11,,28666
PTCM12,PTRI12,,28666
PTCM13,PTTW13,,28666
PTCM14,PTRI14,,28666
PTCM15,PTTW15,,28666
PTCM16,PTTW16,,28666
PTCM17,PTTW17,,28666
PTCM18,PTTW18,,28666
PTCM19,PTLK19,,28666
PTCM20,PTLK20,,28666
PTCM21,PTLK21,,28666
PTCM22,PTLK22,,28666
PTCM23,PTTW23,,28666
PTCM24,PTTW24,,28666
PTCM25,PTTW25,,28666
ESCM634,ESCA634,,28773
ESCM635,ESCA635,,28773
ESCM643,ESCA643,,28773
ESCM644,ESCA644,,28773
ESCM645,ESCA645,,28773
ESCM669,ESCA669,,28773
ESCM670,ESCA670,,28773
ESCM673,ESCA673,,28773
ESCM761,ESCA761,,28773
ESCM750,ESCA750,,28773
ESCM751,ESCA751,,28773
ESCM752,ESCA752,,28773
ESCM753,ESCA753,,28773
ESCM754,ESCA754,,28773
ESCM755,ESCA755,,28773
ESCM756,ESCA756,,28773
ESCM757,ESCA757,,28773
ESCM759,ESCA759,,28773
ESCM760,ESCA760,,28773
ESCM820,ESCA820,,28773
ESCM743,ESCA743,,28773
ESCM995,ESCA995,,28773
ESCM748,ESCA748,,28773
ESCM996,ESCA996,,28773
ESCM758,ESCA758,,28773
ESCM762,ESLK762,,28773
ESCM830,ESLK830,,28773
ESCM837,ESLK837,,28773
ESCM840,ESLK840,,28773
ESCM841,ESLK841,,28773
ESCM842,ESLK842,,28773
ESCM843,ESLK843,,28773
ESCM844,ESLK844,,28773
ESCM845,ESLK845,,28773
ESCM846,ESLK846,,28773
ESCM985,ESCA985,,28773
ESCM986,ESCA986,,28773
ESCM988,ESRI988,,28773
ESCM991,ESCA991,,28773
ESCM1033,ESCA1033,,28773
ESCM1201,ESLK1201,,28773
ESCM1202,ESLK1202,,28773
ESCM1203,ESLK1203,,28773
ESCM1204,ESLK1204,,28773
ESCM1205,ESLK1205,,28773
ESCM1206,ESLK1206,,28773
ESCM1207,ESLK1207,,28773
ESCM1208,ESLK1208,,28773
ESCM1209,ESLK1209,,28773
ESCM1212,ESRI1212,,28773
ESCM1213,ESRI1213,,28773
ESCM1214,ESRI1214,,28773
ESCM1215,ESRI1215,,28773
ESCM1216,ESRI1216,,28773
ESCM1217,ESRI1217,,28773
ESCM1218,ESRI1218,,28773
ESCM1219,ESRI1219,,28773
ESCM1220,ESRI1220,,28773
ESCM1221,ESRI1221,,28773
ESCM1222,ESRI1222,,28773
ESCM1223,ESRI1223,,28773
ESCM1224,ESRI1224,,28773
ESCM1187,ESCA1187,,28773
ESCM1188,ESRI1188,,28773
ESCM1189,ESRI1189,,28773
ESCM1190,ESRI1190,,28773
ESCM2000,ESRI2000,,28773
ESCM2011,ESLK2011,,28773
ESCM2012,ESRI2012,,28773
ESCM2013,ESRI2013,,28773
ESCM2014,ESRI2014,,28773
ESCM2015,ESRI2015,,28773
ESCM850,ESRI850,,28773
UKCMSC9127172,UKRISC912711,River,28754
UKCMSC91271110,UKRISC9127162,River,28754
UKCMSC9127177,UKRISC9127165,River,28754
UKCMSC9127115,UKRISC9127170,River,28754
UKCMSC9127133,UKRISC9127126,River,28754
UKCMSC9127149,UKRISC9127136,River,28754
UKCMSC9127113,UKRISC9127137,River,28754
UKCMSC9127110,UKRISC9127147,River,28754
UKCMSC9127132,UKRISC9127122,River,28754
UKCMSC9127142,UKRISC9127175,River,28754
UKCMSC9127136,UKRISC9127197,River,28754
UKCMSC9127169,UKRISC91271101,River,28754
UKCMSC9127169,UKRISC91271105,River,28754
UKCMSC912713,UKRISC91271114,River,28754
UKCMSC91271110,UKRISC91271125,River,28754
UKCMSC9127115,UKRISC91271172,River,28754
UKCMSC9127136,UKRISC91271121,River,28754
UKCMSC9127147,UKRISC9127134,River,28754
UKCMSC9127158,UKRISC9127179,River,28754
UKCMSC9127146,UKRISC91271160,River,28754
UKCMSC9127152,UKRISC91271153,River,28754
UKCMSC9127146,UKRISC91271154,River,28754
UKCMSC9127146,UKRISC91271159,River,28754
UKCMSC9127118,UKRISC912716,River,28754
UKCMSC9127125,UKRISC9127111,River,28754
UKCMSC9127163,UKRISC9127113,River,28754
UKCMSC9127181,UKRISC9127168,River,28754
UKCMSC9127181,UKRISC9127169,River,28754
UKCMSC9127110,UKRISC9127150,River,28754
UKCMSC91271113,UKRISC9127142,River,28754
UKCMSC9127175,UKRISC9127152,River,28754
UKCMSC9127123,UKRISC9127173,River,28754
UKCMSC9127142,UKRISC9127174,River,28754
UKCMSC9127111,UKRISC9127186,River,28754
UKCMSC9127175,UKRISC91271148,River,28754
UKCMSC9127136,UKRISC91271122,River,28754
UKCMSC9127169,UKRISC91271123,River,28754
UKCMSC912713,UKRISC91271130,River,28754
UKCMSC9127138,UKRISC91271136,River,28754
UKCMSC91271113,UKRISC91271143,River,28754
UKCMSC9127175,UKRISC91271146,River,28754
UKCMSC9127146,UKRISC91271162,River,28754
UKCMSC9127114,UKRISC91271164,River,28754
UKCMSC9127148,UKRISC912712,River,28754
UKCMSC9127199,UKRISC9127120,River,28754
UKCMSC9127166,UKRISC9127121,River,28754
UKCMSC9127177,UKRISC9127166,River,28754
UKCMSC9127115,UKRISC9127171,River,28754
UKCMSC91271110,UKRISC9127159,River,28754
UKCMSC9127151,UKRISC9127189,River,28754
UKCMSC9127152,UKRISC9127191,River,28754
UKCMSC9127115,UKRISC9127198,River,28754
UKCMSC9127169,UKRISC91271100,River,28754
UKCMSC9127169,UKRISC91271102,River,28754
UKCMSC9127169,UKRISC91271104,River,28754
UKCMSC9127146,UKRISC91271109,River,28754
UKCMSC9127116,UKRISC9127181,River,28754
UKCMSC9127111,UKRISC9127185,River,28754
UKCMSC9127178,UKRISC91271134,River,28754
UKCMSC9127116,UKRISC91271140,River,28754
UKCMSC9127182,UKRISC91271169,River,28754
UKCMSC9127181,UKRISC91271170,River,28754
UKCMSC9127117,UKRISC912714,River,28754
UKCMSC9127168,UKRISC912715,River,28754
UKCMSC9127177,UKRISC9127164,River,28754
UKCMSC9127159,UKRISC9127138,River,28754
UKCMSC912719,UKRISC9127141,River,28754
UKCMSC9127110,UKRISC9127149,River,28754
UKCMSC91271110,UKRISC9127161,River,28754
UKCMSC9127136,UKRISC9127195,River,28754
UKCMSC9127169,UKRISC9127199,River,28754
UKCMSC9127146,UKRISC91271108,River,28754
UKCMSC9127146,UKRISC91271110,River,28754
UKCMSC912712,UKRISC91271116,River,28754
UKCMSC9127111,UKRISC91271149,River,28754
UKCMSC912712,UKRISC91271151,River,28754
UKCMSC9127157,UKRISC91271135,River,28754
UKCMSC9127145,UKRISC91271120,River,28754
UKCMSC9127136,UKRISC91271142,River,28754
UKCMSC9127146,UKRISC91271168,River,28754
UKCMSC9127115,UKRISC91271173,River,28754
UKCMSC91271110,UKRISC91271174,River,28754
UKCMSC91271113,UKRISC9127145,River,28754
UKCMSC9127135,UKRISC912718,River,28754
UKCMSC91271113,UKRISC9127117,River,28754
UKCMSC9127177,UKRISC9127163,River,28754
UKCMSC912716,UKRISC9127127,River,28754
UKCMSC9127137,UKRISC9127129,River,28754
UKCMSC9127150,UKRISC9127130,River,28754
UKCMSC9127171,UKRISC9127143,River,28754
UKCMSC9127156,UKRISC9127123,River,28754
UKCMSC9127154,UKRISC9127154,River,28754
UKCMSC9127174,UKRISC9127156,River,28754
UKCMSC9127119,UKRISC9127188,River,28754
UKCMSC9127131,UKRISC9127193,River,28754
UKCMSC9127115,UKRISC9127172,River,28754
UKCMSC9127157,UKRISC9127183,River,28754
UKCMSC9127121,UKRISC91271127,River,28754
UKCMSC9127128,UKRISC91271137,River,28754
UKCMSC9127141,UKRISC9127139,River,28754
UKCMSC9127165,UKRISC9127135,River,28754
UKCMSC9127128,UKRISC9127140,River,28754
UKCMSC9127110,UKRISC9127146,River,28754
UKCMSC9127110,UKRISC9127148,River,28754
UKCMSC9127152,UKRISC9127190,River,28754
UKCMSC9127146,UKRISC9127194,River,28754
UKCMSC9127146,UKRISC91271107,River,28754
UKCMSC912713,UKRISC91271113,River,28754
UKCMSC912712,UKRISC91271115,River,28754
UKCMSC9127116,UKRISC9127180,River,28754
UKCMSC9127119,UKRISC9127187,River,28754
UKCMSC9127147,UKRISC91271132,River,28754
UKCMSC9127178,UKRISC91271133,River,28754
UKCMSC9127146,UKRISC91271119,River,28754
UKCMSC9127116,UKRISC91271139,River,28754
UKCMSC9127153,UKRISC9127131,River,28754
UKCMSC9127129,UKRISC912713,River,28754
UKCMSC9127143,UKRISC912717,River,28754
UKCMSC91271108,UKRISC9127118,River,28754
UKCMSC9127177,UKRISC9127167,River,28754
UKCMSC91271110,UKRISC9127128,River,28754
UKCMSC9127159,UKRISC9127144,River,28754
UKCMSC9127110,UKRISC9127151,River,28754
UKCMSC9127138,UKRISC9127157,River,28754
UKCMSC9127169,UKRISC91271103,River,28754
UKCMSC9127146,UKRISC91271111,River,28754
UKCMSC9127146,UKRISC91271118,River,28754
UKCMSC9127142,UKRISC9127177,River,28754
UKCMSC9127116,UKRISC9127182,River,28754
UKCMSC9127175,UKRISC91271147,River,28754
UKCMSC9127121,UKRISC91271126,River,28754
UKCMSC9127136,UKRISC91271141,River,28754
UKCMSC9127175,UKRISC91271144,River,28754
UKCMSC9127175,UKRISC91271145,River,28754
UKCMSC9127146,UKRISC91271161,River,28754
UKCMSC9127136,UKRISC91271165,River,28754
UKCMSC9127146,UKRISC91271155,River,28754
UKCMSC9127146,UKRISC91271157,River,28754
UKCMSC9127146,UKRISC91271158,River,28754
UKCMSC9127159,UKRISC912719,River,28754
UKCMSC9127140,UKRISC9127110,River,28754
UKCMSC9127162,UKRISC9127112,River,28754
UKCMSC9127173,UKRISC9127115,River,28754
UKCMSC9127144,UKRISC9127116,River,28754
UKCMSC9127167,UKRISC9127119,River,28754
UKCMSC9127139,UKRISC9127132,River,28754
UKCMSC9127175,UKRISC9127153,River,28754
UKCMSC9127126,UKRISC9127155,River,28754
UKCMSC9127138,UKRISC9127158,River,28754
UKCMSC91271110,UKRISC9127160,River,28754
UKCMSC9127145,UKRISC9127192,River,28754
UKCMSC9127142,UKRISC9127176,River,28754
UKCMSC9127136,UKRISC9127196,River,28754
UKCMSC9127146,UKRISC91271106,River,28754
UKCMSC9127146,UKRISC91271112,River,28754
UKCMSC9127175,UKRISC91271117,River,28754
UKCMSC9127116,UKRISC9127178,River,28754
UKCMSC9127157,UKRISC9127184,River,28754
UKCMSC9127160,UKRISC91271150,River,28754
UKCMSC91271110,UKRISC91271175,River,28754
UKCMSC9127121,UKRISC91271128,River,28754
UKCMSC9127121,UKRISC91271129,River,28754
UKCMSC9127116,UKRISC91271138,River,28754
UKCMSC9127183,UKRISC91271171,River,28754
UKCMSC9127146,UKRISC91271163,River,28754
UKCMSC9127175,UKRISC91271166,River,28754
UKCMSC9127115,UKRISC91271167,River,28754
UKCMSC9127123,UKRISC91271152,River,28754
UKCMSC9127146,UKRISC91271156,River,28754
UKCMSC9127127,UKRISC9127114,River,28754
UKCMSC91271110,UKLKSC912711,Lake,28754
UKCMSC9127145,UKLKSC912712,Lake,28754
UKCMSC9127122,UKLKSC912713,Lake,28754
UKCMSC912711,UKLKSC912714,Lake,28754
UKCMSC9127178,UKLKSC912715,Lake,28754
UKCMSC9127179,UKLKSC912716,Lake,28754
UKCMSC912717,UKLKSC912717,Lake,28754
UKCMSC9127145,UKLKSC912718,Lake,28754
UKCMSC9127180,UKLKSC912719,Lake,28754
UKCMSC912714,UKLKSC9127110,Lake,28754
UKCMSC9127146,UKLKSC9127111,Lake,28754
UKCMSC9127115,UKLKSC9127112,Lake,28754
UKCMSC9127161,UKLKSC9127113,Lake,28754
UKCMSC9127155,UKLKSC9127114,Lake,28754
UKCMSC9127130,UKLKSC9127115,Lake,28754
UKCMSC9127120,UKLKSC9127116,Lake,28754
UKCMSC91271110,UKLKSC9127117,Lake,28754
UKCMSC9127185,UKLKSC9127118,Lake,28754
UKCMSC9127188,UKLKSC9127119,Lake,28754
UKCMSC9127121,UKLKSC9127120,Lake,28754
UKCMSC9127184,UKLKSC9127121,Lake,28754
UKCMSC9127187,UKLKSC9127122,Lake,28754
UKCMSC9127189,UKLKSC9127123,Lake,28754
UKCMSC9127114,UKLKSC9127124,Lake,28754
UKCMSC9127186,UKLKSC9127125,Lake,28754
UKCMSC9127181,UKTWSC912711,Estuary,28754
UKCMSC91271100,UKCASSWPA11,Shellfish water,28754
UKCMSC9127199,UKCASSWPA13,Shellfish water,28754
UKCMSC91271101,UKCASSWPA37,Shellfish water,28754
UKCMSC9127198,UKCASSWPA44,Shellfish water,28754
UKCMSC91271110,UKS761601,Bathing water,28754
UKCMSC91271108,UKS7616012,Bathing water,28754
UKCMSC91271113,UKS7616017,Bathing water,28754
UKCMSC91271106,UKS7616018,Bathing water,28754
UKCMSC91271102,UKS7616019,Bathing water,28754
UKCMSC9127196,UKS7616023,Bathing water,28754
UKCMSC9127197,UKS7616027,Bathing water,28754
UKCMSC91271109,UKS7616030,Bathing water,28754
UKCMSC9127178,UKS7616033,Bathing water,28754
UKCMSC9127193,UKS7616037,Bathing water,28754
UKCMSC9127192,UKS7616038,Bathing water,28754
UKCMSC91271103,UKS7616041,Bathing water,28754
UKCMSC9127195,UKS7616043,Bathing water,28754
UKCMSC9127191,UKS7616044,Bathing water,28754
UKCMSC9127190,UKS7616045,Bathing water,28754
UKCMSC91271107,UKS7616047,Bathing water,28754
UKCMSC91271112,UKS7616051,Bathing water,28754
UKCMSC91271111,UKS7616053,Bathing water,28754
UKCMSC9127158,UKS7616056,Bathing water,28754
UKCMSC9127194,UKS7616057,Bathing water,28754
UKCMSC91271104,UKS7616074,Bathing water,28754
UKCMSC91271105,UKS7616081,Bathing water,28754
UKCMSC9127175,UKRISC91271178,River,28754
UKCMSC9127110,UKRISC91271177,River,28754
UKCMSC9127175,UKRISC9127125,Freshwater Fish River,28754
UKCMSC9127159,UKRISC9127133,Freshwater Fish River,28754
UKCMSC9127175,UKRISC9127124,Freshwater Fish River,28754
UKNI_CM00063,UKNI_RI00063,,28754
UKNI_CM00063,UKNI_TW00063,,28754
UKNI_CM00078,UKNI_RI00078,,28754
UKNI_CM00078,UKNI_TW00078,,28754
UKNI_CM00007,UKNI_RI00007,,28754
UKNI_CM00012,UKNI_CA00011,,28754
UKNI_CM00012,UKNI_CA00012,,28754
UKNI_CM00010,UKNI_RI00010,,28754
UKNI_CM00037,UKNI_RI00037,,28754
UKNI_CM00038,UKNI_RI00038,,28754
UKNI_CM00003,UKNI_RI00003,,28754
UKNI_CM00025,UKNI_RI00025,,28754
UKNI_CM00023,UKNI_CA00023,,28754
UKNI_CM00015,UKNI_TW00015,,28754
UKNI_CM00062,UKNI_CA00062,,28754
UKNI_CM00001,UKNI_LK00001,,28754
UKNI_CM00009,UKNI_LK00009,,28754
UKNI_CM00064,UKNI_CA00064,,28754
UKNI_CM00080,UKNI_CA00080,,28754
UKENMI_CM38,UKENRI38,,28754
UKWAWA_CM121,UKWACA121,,28754
UKWAWA_CM102SFW,UKWACA102SFW,,28754
UKWAWA_CM107SFW,UKWACA107SFW,,28754
UKWAWA_CM11,UKWARI11,,28754
UKWAWA_CM49,UKWACA49,,28754
UKWAWA_CM50,UKWARI50,,28754
UKWAWA_CM120,UKWACA120,,28754
UKWAWA_CM150,UKWARI150,,28754
UKENAN_CM16,UKENRI16,,28754
UKENAN_CM23,UKENRI23,,28754
UKENAN_CM29,UKENRI29,,28754
UKENAN_CM31,UKENRI31,,28754
UKENAN_CM60,UKENLK60,,28754
UKENAN_CM61,UKENRI61,,28754
UKENAN_CM62,UKENRI62,,28754
UKENAN_CM63,UKENRI63,,28754
UKENAN_CM65,UKENRI65,,28754
UKENAN_CM66,UKENRI66,,28754
UKENAN_CM67,UKENRI67,,28754
UKENAN_CM68,UKENRI68,,28754
UKENAN_CM69,UKENRI69,,28754
UKENAN_CM70,UKENRI70,,28754
UKENAN_CM71,UKENRI71,,28754
UKENAN_CM72,UKENRI72,,28754
UKENAN_CM73,UKENRI73,,28754
UKENAN_CM74a,UKENRI74a,,28754
UKENAN_CM74b,UKENRI74b,,28754
UKENAN_CM75,UKENRI75,,28754
UKENAN_CM85,UKENRI85,,28754
UKENAN_CM88,UKENRI88,,28754
UKENAN_CM89,UKENRI89,,28754
UKENAN_CM90,UKENRI90,,28754
UKENAN_CM91,UKENRI91,,28754
UKENMI_CM10,UKENRI10,,28754
UKENMI_CM100,UKENRI100,,28754
UKENMI_CM101,UKENRI101,,28754
UKENMI_CM102,UKENRI102,,28754
UKENMI_CM103,UKENRI103,,28754
UKENMI_CM104,UKENRI104,,28754
UKENMI_CM105,UKENRI105,,28754
UKENMI_CM106,UKENRI106,,28754
UKENMI_CM108,UKENLK108,,28754
UKENMI_CM130,UKENRI130,,28754
UKENMI_CM131,UKENRI131,,28754
UKENMI_CM132,UKENRI132,,28754
UKENMI_CM133,UKENRI133,,28754
UKENMI_CM135,UKENRI135,,28754
UKENMI_CM137,UKENRI137,,28754
UKENMI_CM138,UKENRI138,,28754
UKENMI_CM139,UKENRI139,,28754
UKENMI_CM145,UKENRI145,,28754
UKENMI_CM152,UKENRI152,,28754
UKENMI_CM153,UKENRI153,,28754
UKENMI_CM37,UKENRI37,,28754
UKENMI_CM38,UKENRI38,,28754
UKENMI_CM41,UKENRI41,,28754
UKENMI_CM42,UKENRI42,,28754
UKENMI_CM43,UKENRI43,,28754
UKENMI_CM8,UKENRI8,,28754
UKENMI_CM87,UKENRI87,,28754
UKENMI_CM9,UKENRI9,,28754
UKENNE_CM76,UKENRI76,,28754
UKENNE_CM79,UKENRI79,,28754
UKENNE_CM80,UKENRI80,,28754
UKENNE_CM96,UKENRI96,,28754
UKENNE_CM97,UKENRI97,,28754
UKENNE_CM98,UKENCA98,,28754
UKENNE_CM99,UKENRI99,,28754
UKENNW_CM1,UKENLK1,,28754
UKENNW_CM142,UKENRI142,,28754
UKENNW_CM143,UKENRI143,,28754
UKENNW_CM151,UKENRI151,,28754
UKENNW_CM154,UKENRI154,,28754
UKENNW_CM155,UKENRI155,,28754
UKENNW_CM156,UKENRI156,,28754
UKENNW_CM2,UKENRI2,,28754
UKENNW_CM3,UKENLK3,,28754
UKENNW_CM35,UKENRI35,,28754
UKENNW_CM4,UKENRI4,,28754
UKENNW_CM6,UKENRI6,,28754
UKENNW_CM94,UKENRI94,,28754
UKENNW_CM95,UKENRI95,,28754
UKENSO_CM109,UKENRI109,,28754
UKENSO_CM110,UKENRI110,,28754
UKENSO_CM112,UKENCA112,,28754
UKENSO_CM123,UKENCA123,,28754
UKENSO_CM126,UKENRI126,,28754
UKENSO_CM128,UKENRI128,,28754
UKENSO_CM13,UKENRI13,,28754
UKENSO_CM14,UKENRI14,,28754
UKENSO_CM146,UKENRI146,,28754
UKENSO_CM147,UKENRI147,,28754
UKENSO_CM56,UKENCA56,,28754
UKENSO_CMLK120,UKENLK120,,28754
UKENSW_CM115,UKENRI115,,28754
UKENSW_CM116,UKENRI116,,28754
UKENSW_CM117,UKENCA117,,28754
UKENSW_CM12,UKENRI12,,28754
UKENSW_CM140,UKENRI140,,28754
UKENSW_CM141,UKENRI141,,28754
UKENSW_CM148,UKENRI148,,28754
UKENSW_CM51,UKENCA51,,28754
UKENSW_CM52,UKENCA52,,28754
UKENSW_CM77,UKENRI77,,28754
UKENSW_CM78,UKENRI78,,28754
UKENTH_CM15,UKENRI15,,28754
UKENTH_CM157,UKENRI157,,28754
UKENTH_CM17,UKENRI17,,28754
UKENTH_CM57,UKENRI57,,28754
UKENTH_CM58,UKENRI58,,28754
UKENTH_CM59,UKENRI59,,28754
UKWAWA_CM11,UKWARI11,,28754
