ReportNetEnvelopeFileId,flarepCode,soecCapacity,soecCode,soecEndYear,soecEUFunds,soecInvCol,soecInvIAS,soecInvTp,soecJobs,soecLenghtCoCs,soecLenghtSaCs,soecLenghtStCs,soecNumbIAS,soecOpCosts,soecPeriod,soecPop,soecStartYear,soecInvComments
47480,LU100,1034855,LUUWWINV2013,20131231,0,64,0,18,0,0,0,0,0,0,P,537039,20130101,"price VAT not included, population at the 01.01.2013"
47480,LU100,1036155,LUUWWINV2014,20141231,0,73,0,20,0,0,0,0,0,0,P,549680,20140101,"price VAT not included, population at the 01.01.2014"
47480,LU100,1035665,LUUWWINV2015,20151231,0,62,0,15,0,0,0,0,0,0,P,562958,20150101,"price VAT not included, population at the 01.01.2015"
47480,LU100,977725,LUUWWINV2016,20161231,0,60,0,20,0,0,0,0,0,0,P,576249,20160101,"price VAT not included, population at the 01.01.2016"
47480,LU100,990565,LUUWWINV2017,20171231,0,55,0,30,0,0,0,0,0,0,P,590667,20170101,"price VAT not included, population at the 01.01.2017"
47480,LU100,1087565,LUUWWINV2018,20181231,0,50,0,35,0,0,0,0,0,0,P,602005,20180101,"price VAT not included, population at the 01.01.2018"
47480,LU100,1100000,LUUWWINV2019,20191231,0,40,0,35,0,0,0,0,0,0,CU,613894,20190101,"price VAT not included, population at the 01.01.2019"
47480,LU100,1110000,LUUWWINV2020,20201231,0,40,0,40,0,0,0,0,0,0,CU,626108,20200101,"price VAT not included, population at the 01.01.2020"
47480,LU100,1115000,LUUWWINV2021,20211231,0,40,0,35,0,0,0,0,0,0,EXP,639000,20210101,price VAT not included
47480,LU100,1125000,LUUWWINV2022,20221231,0,45,0,45,0,0,0,0,0,0,EXP,652000,20220101,price VAT not included
47819,AT_UWWTD_2019_1,22065125,ATUWWINV2019,20191231,,229,,87,,,,,,,CU,,20190101,"Die Daten für das Jahr 2019 stammen aus der Berechnung der Kommunalkredit Austria, die im Zuge der Studie ""Zukünftiger dezentraler Infrastrukturbedarf in Österreich"" (Institut für Höhere Studien, 2018, verfügbar unter: https://irihs.ihs.ac.at/id/eprint/4666/)  erstellt wurde"
47819,AT_UWWTD_2019_1,22125525,ATUWWINV2021,20211231,,217,,37,,,,,,,EXP,,20210101,"Die Daten für das Jahr 2021 stammen aus der Berechnung der Kommunalkredit Austria, die im Zuge der Studie ""Zukünftiger dezentraler Infrastrukturbedarf in Österreich"" (Institut für Höhere Studien, 2018, verfügbar unter: https://irihs.ihs.ac.at/id/eprint/4666/)  erstellt wurde"
47819,AT_UWWTD_2019_1,22185925,ATUWWINV2023,20231231,,220,,40,,,,,,,EXP,,20230101,"Die Daten für das Jahr 2023 stammen aus der Berechnung der Kommunalkredit Austria, die im Zuge der Studie ""Zukünftiger dezentraler Infrastrukturbedarf in Österreich"" (Institut für Höhere Studien, 2018, verfügbar unter: https://irihs.ihs.ac.at/id/eprint/4666/)  erstellt wurde"
49034,ES,23768088,ESUWWINV2019,20191231,82.2,568.8,5.7,952.8,,0,0,,,40.4,EXP,,20190101,
48178,CY 2019 Art.17,1384749,CYUWWINV2012_2018,20181231,35.1,160.27,,4.76,,,,,,,P,,20120101,"million euros, VAT included, Reference Date (06/2020)"
48364,NL2020,21800000,NLUWWINV2015,20151231,,1078,,247,1680,,,,,1652,P,16900000,20150101,"InvCol: Prijspeil 2012_exclusief BTW / InvTp: lopende prijzen inclusief BTW / OpCosts: riolering 621 (exclusief BTW, prijspeil 2012) + rwzi's 1,031 (lopende prijzen inclusief BTW) / Jobs: 1680 (fte) aantal jobs rwzi's"
48364,NL2020,21800000,NLUWWINV2016,20161231,,956,,252,,50000,22000,26000,27500,1580,P,16980000,20160101,"InvCol en InvTp: lopende prijzen inclusief BTW / OpCosts: riolering 543 + rwzi's 1,037 (lopende prijzen inclusief BTW)"
48364,NL2020,21800000,NLUWWINV2017,20171231,,883,,305,,,,,,1544,P,17080000,20170101,"InvCol en InvTp: lopende prijzen inclusief BTW / OpCosts: riolering 501 + rwzi's 1,043 (lopende prijzen inclusief BTW)"
48364,NL2020,21800000,NLUWWINV2018,20181231,,861,,303,1780,,,,,1535,P,17180000,20180101,InvCol en InvTp: lopende prijzen inclusief BTW / OpCosts: riolering 489 + rwzi's 1046 (lopende prijzen inclusief BTW) / Jobs: 1780 (fte) aantal jobs rwzi's
48364,NL2020,21800000,NLUWWINV2019,20191231,,885,,324,,,,,,1610,CU,17280000,20190101,InvCol en InvTp: lopende prijzen inclusief BTW / OpCosts: riolering 502 + rwzi's 1108 (lopende prijzen inclusief BTW)
48364,NL2020,21800000,NLUWWINV2020,20201231,,886,,490,,,,,,1652,CU,,20200101,InvCol en InvTp: lopende prijzen inclusief BTW / OpCosts: riolering 503 + rwzi's 1149 (lopende prijzen inclusief BTW)
48338,PT_2018,3826065,PTUWWINV2013_2024,20271231,148.616,3.21,,237.08,6802,11013.4,52125.7,8644.8,,,EXP,10276617,20130101,"A soecCapacity e os soeINV correspondem às ETAR reportadas ao abrigo do art.º 17.º da DARU. A soecCapacity corresponde à carga que entra nas ETAR no ano horizonte de projeto. Reportaram-se três períodos P(2013-2017), CU (2018) e EXP (2019-2024) porque não se consegue obter a informação discriminada."
48195,EE2020,1727272,EEUWWINV2022,20231231,0,50.78,,6.93,,,,,,,EXP,1322814,20220101,"VAT not included, reference date 06/2020"
49034,ES,23768088,ESUWWINV2020,20201231,83,569.3,5.7,967.9,,0,0,,,40.4,EXP,,20200101,
49034,ES,23768088,ESUWWINV2029,20291231,5,75.5,,18.1,,0,0,,,0.8,EXP,,20290101,
49034,ES,23768088,ESUWWINV2030,20301231,5,75.5,,18.1,,0,0,,,0.8,EXP,,20300101,
47941,IE2018,6937032,IEUWWINV2020_2024,20241231,156,787.1,,1911.03,,,,,,,EXP,,20200101,"The expected WWTP capacity comprises of current installed capacity of 6,289,657 p.e. plus an expected additional installed capacity to the year 2024 of 647,375 p.e..
Collecting Systems investment comprises capital maintenance of 149.09M and capital investment & national programmes of 638.01M. WWTPs investment comprises capital maintenance 134.26 M and capital investment & national programmes of 1776.77 M. All investments are in million euro and include VAT."
49034,ES,23768088,ESUWWINV2021,20211231,83,569.3,5.7,967.9,,0,0,,,40.4,EXP,,20210101,
48199,DK2018,11450300,DKUWWIN2011,20111231,,440,,220,,,,,,,P,,20110101,the division between collection systems and tretmentplant are unknown and ar estimatetet to 2/3 and 1/3
48199,DK2018,11450300,DKUWWIN2013,20131231,,507,,253,,,,,,,CU,,20130101,the division between collection systems and tretmentplant are unknown and ar estimatetet to 2/3 and 1/3
48199,DK2018,11307100,DKUWWIN2015,20151231,,612,,306,,,,,,,CU,,20150101,the division between collection systems and tretmentplant are unknown and ar estimatetet to 2/3 and 1/3
48199,DK2018,11436238,DKUWWIN2017,20171231,,511,,256,,,,,,,CU,,20170101,the division between collection systems and tretmentplant are unknown and ar estimatetet to 2/3 and 1/3
48199,DK2018,11436238,DKUWWIN2019,20191231,,457,,228,,,,,,,EXP,,20190101,the division between collection systems and tretmentplant are unknown and ar estimatetet to 2/3 and 1/3
48199,DK2018,11436238,DKUWWIN2021,20211231,,457,,228,,,,,,,EXP,,20210101,the division between collection systems and tretmentplant are unknown and ar estimatetet to 2/3 and 1/3
48040,SK7,7299471,SKUWWINV2012_2018,20181231,,717,,307,,,,,,,P,,20120101,"investments for collecting systems and UWWTPs were divided by estimation, because they were calculated together so far; VAT is included in case the recipient of financial grant is municipality"
48040,SK7,5677864,SKUWWINV2019_2020,20201231,,116,,50,,,,,,,CU,,20190101,"investments for collecting systems and UWWTPs were divided by estimation, because they were calculated together so far; VAT is included in case the recipient of financial grant is municipality"
48040,SK7,5993530,SKUWWINV2021_2027,20271231,634.772371,607.4,,148.6,,,,,,,EXP,,20210101,VAT is included in case the recipient of financial grant is municipality
49075,IT007,8400568,ITUWWINV2006,20061231,0,49.8571,0,36.17143,0,0,0,0,0,0,P,0,20060101,
49075,IT007,8400568,ITUWWINV2007,20071231,0,49.8571,0,36.17143,0,0,0,0,0,0,P,0,20070101,
49075,IT007,8400568,ITUWWINV2008,20081231,0,49.8571,0,36.17143,0,0,0,0,0,0,P,0,20080101,
49075,IT007,8400568,ITUWWINV2009,20091231,0,49.8571,0,36.17143,0,0,0,0,0,0,P,0,20090101,
49075,IT007,8400568,ITUWWINV2010,20101231,0,49.8571,0,36.17143,0,0,0,0,0,0,P,0,20100101,
48178,CY 2019 Art.17,1384749,CYUWWINV2019,20191231,0,0,,0,,,,,,,CU,,20190101,-
48178,CY 2019 Art.17,1384749,CYUWWINV2020,20201231,0,0,,0,,,,,,,CU,,20200101,-
48178,CY 2019 Art.17,1509449,CYUWWINV2021,20211231,5.22,0,,44.13,,,,,,,EXP,,20210101,"million euros, VAT included, Reference Date (06/2020)"
48178,CY 2019 Art.17,1589332,CYUWWINV2022,20221231,29.65,18.46,,30.7,,,,,,,EXP,,20220101,"million euros, VAT included, Reference Date (06/2020)"
48275,BE-1,1460000,BEUWWINVSEWERS2012,20121231,,72.77,,0,,,,,,,P,,20120101,Brussels Region: renovation and rehabilitation of the sewer network - VAT not included
48275,BE-1,1460000,BEUWWINVSEWERS2013,20131231,,72.47,,0,,,,,,,P,,20130101,Brussels Region: renovation and rehabilitation of the sewer network - VAT not included
48275,BE-1,1460000,BEUWWINVSEWERS2014,20141231,,73.06,,0,,,,,,,P,,20140101,Brussels Region: renovation and rehabilitation of the sewer network - VAT not included
48275,BE-1,1460000,BEUWWINVSEWERS2015,20151231,,61.98,,0,,,,,,,P,,20150101,Brussels Region: renovation and rehabilitation of the sewer network - VAT not included
48275,BE-1,1460000,BEUWWINVSEWERS2016,20161231,,61.26,,0,,,,,,,P,,20160101,Brussels Region: renovation and rehabilitation of the sewer network - VAT not included
48275,BE-1,1460000,BEUWWINVSEWERS2017,20171231,,51.84,,0,,,,,,,P,,20170101,Brussels Region: renovation and rehabilitation of the sewer network - VAT not included
48275,BE-1,1460000,BEUWWINVSEWERS2018,20181231,,64.9,,0,,,,,,,P,,20180101,Brussels Region: renovation and rehabilitation of the sewer network - VAT not included
48275,BE-1,1460000,BEUWWINVSEWERS2019,20191231,,56.37,,0,,,,,,,P,,20190101,Brussels Region: renovation and rehabilitation of the sewer network - VAT not included
48275,BE-1,1460000,BEUWWINVSEWERS2020_2026,20261231,,562.44,,0,,,,,,,CU,,20200101,Brussels Region: renovation and rehabilitation of the sewer network - VAT not included
48275,BE-1,360000,BEUWWINVSTEPSUD2014_2021,20211231,,0,,110,,,,,,,CU,,20140101,Brussels Region: renovation and upgrade of the Brussels South WWTP - VAT not included
48275,BE-1,1100000,BEUWWINVSTEPNORD2017_2019,20191231,,0,,7.5,,,,,,,P,,20170101,Brussels Region: renovation and upgrade of the Brussels North WWTP - VAT not included
48275,BE-1,15000,BEUWWINVCOVERRE2011_2019,20191231,,23.3,,0,,,,,,,P,,20110101,Brussels Region: building new collector Verrewinkelbeek - VAT not included
47948,FRR1,95448164,FR2018,20181231,36.72,2658,458.8,1270,34000,,,,15060,,CU,67,20180101,Pas encore d'information sur 2018 pour assainissement collectif sur les stations
48275,BE-2,4079697,BEUWWINV2017_W,20171231,,53.3,,67.3,,,,,,,P,,20170101,"Walloon Region. Actual investments costs: sum of all final paiements of the year 2017 related to investments in collecting system (column soecInvCol) and WWTP and main sewer (column soecInvTp).
Total investmenent costs: costs of works and costs related."
48275,BE-2,4112097,BEUWWINV2018_W,20181231,,58.5,,60.4,,,,,,,P,,20180101,"Walloon Region. Actual investments costs: sum of all final paiements of the year 2018 related to investments in collecting system (column soecInvCol) and WWTP and main sewer (column soecInvTp).
Total investment costs: costs of works and costs related."
48275,BE-2,4115213,BEUWWINV2019_W,20191231,,52,,61.5,,,,,,,P,,20190101,"Walloon Region. Actual investments costs: sum of all final paiements of the year 2019 related to investments in collecting system (column soecInvCol) and WWTP and main sewer (column soecInvTp).
Total investment costs: costs of works and costs related."
48195,EE2020,1727272,EEUWWINV2020,20201231,7.74,25,,3.75,,,,,,,CU,1328976,20200101,"VAT not included, reference date 06/2020"
48195,EE2020,1727272,EEUWWINV2021,20211231,0,25.1,,3.75,,,,,,,EXP,1323391,20210101,"VAT not included, reference date 06/2020"
49034,ES,23768088,ESUWWINV2022,20221231,29.2,184.2,5.4,355.2,,0,0,,,11.2,EXP,,20220101,
48433,HU-91271CQ-2020b,15063330,HUUWWINV2016_2023,20231231,550,372.46,0,383.14,0,0,0,0,0,0,CU,0,20160101,0
49075,IT007,8400568,ITUWWINV2011,20111231,0,49.8571,0,36.17143,0,0,0,0,0,0,P,0,20110101,
49075,IT007,25273573,ITUWWINV2012,20121231,0,116.73019,0,105.79622,0,0,0,0,0,0,P,0,20120101,
49075,IT007,25213424,ITUWWINV2013,20131231,0,124.6258,0,113.90945,0,0,0,0,0,0,P,0,20130101,
49075,IT007,35287746,ITUWWINV2014,20141231,24.43878,167.208,0,148.38278,0,0,0,0,0,0,P,0,20140101,
49075,IT007,55808946,ITUWWINV2015,20151231,35.75576,445.4102,0,234.8833,0,0,0,0,0,0,P,0,20150101,
49075,IT007,72815972,ITUWWINV2016,20161231,59.52258,552.3188,0,344.48544,2350,19296,2150,0,0,0,P,0,20160101,
49075,IT007,79732137,ITUWWINV2017,20171231,87.06906,567.6967,0,418.59795,0,0,0,0,0,0,P,0,20170101,
49075,IT007,150302244,ITUWWINV2018,20181231,176.67885,462.0447,0,526.01683,132,0,0,0,0,0,CU,0,20180101,
49075,IT007,148344518,ITUWWINV2019,20191231,67.26946,445.2306,0,514.42397,0,0,0,0,0,0,EXP,0,20190101,
49075,IT007,135851678,ITUWWINV2020,20201231,44.69365,337.8924,0,469.9788,0,0,0,0,0,0,EXP,0,20200101,
49075,IT007,132613731,ITUWWINV2021,20211231,29.35132,432.3739,0,509.03977,0,0,0,0,0,0,EXP,0,20210101,
49075,IT007,119386717,ITUWWINV2022,20221231,24.43878,311.9318,0,339.84974,0,0,0,0,0,0,EXP,0,20220101,
49075,IT007,115528856,ITUWWINV2023,20231231,24.43878,260.3389,0,334.79426,0,0,0,0,0,0,EXP,0,20230101,
49075,IT007,46588408,ITUWWINV2024,20241231,0,141.5279,0,141.21795,0,0,0,0,0,0,EXP,0,20240101,
49075,IT007,44158272,ITUWWINV2025,20251231,0,126.902,0,140.38229,0,0,0,0,0,0,EXP,0,20250101,
49075,IT007,17199922,ITUWWINV2026,20261231,0,9.57313,0,8.28241,0,0,0,0,0,0,EXP,0,20260101,
49075,IT007,17199922,ITUWWINV2027,20271231,0,9.57313,0,8.28241,0,0,0,0,0,0,EXP,0,20270101,
49075,IT007,17199922,ITUWWINV2028,20281231,0,9.57313,0,8.28241,0,0,0,0,0,0,EXP,0,20280101,
49075,IT007,17199922,ITUWWINV2029,20291231,0,9.57313,0,8.28241,0,0,0,0,0,0,EXP,0,20290101,
49075,IT007,17199922,ITUWWINV2030,20301231,0,9.57313,0,8.28241,0,0,0,0,0,0,EXP,0,20300101,
48275,BE-2,3310479,BEUWWINV2010_W,20101231,,51.7,,245.7,,,,,,,P,,20100101,"Walloon Region. Actual investments costs: sum of all final paiements of the year 2010 related to investments in collecting system (column soecInvCol) and WWTP and main sewer (column soecInvTp).
Total investmenent costs: costs of works and costs related."
48275,BE-2,3509534,BEUWWINV2011_W,20111231,,48.1,,214.4,,,,,,,P,,20110101,"Walloon Region. Actual investments costs: sum of all final paiements of the year 2011 related to investments in collecting system (column soecInvCol) and WWTP and main sewer (column soecInvTp).
Total investmenent costs: costs of works and costs related."
48275,BE-2,3742859,BEUWWINV2012_W,20121231,,48.3,,211.3,,,,,,,P,,20120101,"Walloon Region. Actual investments costs: sum of all final paiements of the year 2012 related to investments in collecting system (column soecInvCol) and WWTP and main sewer (column soecInvTp).
Total investmenent costs: costs of works and costs related."
48275,BE-2,3948791,BEUWWINV2013_W,20131231,,60.5,,195.5,,,,,,,P,,20130101,"Walloon Region. Actual investments costs: sum of all final paiements of the year 2013 related to investments in collecting system (column soecInvCol) and WWTP and main sewer (column soecInvTp).
Total investmenent costs: costs of works and costs related."
48275,BE-2,3985096,BEUWWINV2014_W,20141231,,60.3,,155.7,,,,,,,P,,20140101,"Walloon Region. Actual investments costs: sum of all final paiements of the year 2014 related to investments in collecting system (column soecInvCol) and WWTP and main sewer (column soecInvTp).
Total investmenent costs: costs of works and costs related."
48275,BE-2,4026431,BEUWWINV2015_W,20151231,,42,,109.6,,,,,,,P,,20150101,"Walloon Region. Actual investments costs: sum of all final paiements of the year 2015 related to investments in collecting system (column soecInvCol) and WWTP and main sewer (column soecInvTp).
Total investmenent costs: costs of works and costs related."
48275,BE-2,4066465,BEUWWINV2016_W,20161231,,36.3,,78.1,,,,,,,P,,20160101,"Walloon Region. Actual investments costs: sum of all final paiements of the year 2016 related to investments in collecting system (column soecInvCol) and WWTP and main sewer (column soecInvTp).
Total investmenent costs: costs of works and costs related."
48275,BE-1,15000,BEUWWINVCOGEL2018_2021,20211231,,7.9,,0,,,,,,,CU,,20180101,Brussels Region: building new collector Geleitsbeek - VAT not included
48275,BE-1,15000,BEUWWINVBOWOL2021_2026,20261231,,86,,0,,,,,,,EXP,,20210101,Brussels Region: building new Storm Basin Woluwe- VAT not included
48195,EE2020,1720792,EEUWWINV2018,20181231,5.39,5.22,,1.65,,,,,,,P,1319133,20180101,"VAT not included, reference date 06/2020"
48195,EE2020,1725542,EEUWWINV2019,20191231,25.15,25.27,,6.31,,,,,,,P,1324820,20190101,"VAT not included, reference date 06/2020"
49040,HR_Art17_2018,6100254,HRUWWINV2020_2027,20271231,2160.65,2491.33,,957.34,,,,,,,EXP,,20200101,
48199,DK2018,11450300,DKUWWIN2010,20101231,,320,,160,,,,,,,P,,20100101,the division between collection systems and tretmentplant are unknown and ar estimatetet to 2/3 and 1/3
48199,DK2018,11450300,DKUWWIN2012,20121231,,480,,240,,,,,,,P,,20120101,the division between collection systems and tretmentplant are unknown and ar estimatetet to 2/3 and 1/3
48364,NL2020,,NLUWWINV2015,20151231,,1078,,247,1680,,,,,1652,P,16900000,20150101,"InvCol: Prijspeil 2012_exclusief BTW / InvTp: lopende prijzen inclusief BTW / OpCosts: riolering 621 (exclusief BTW, prijspeil 2012) + rwzi's 1,031 (lopende prijzen inclusief BTW) / Jobs: 1680 (fte) aantal jobs rwzi's"
48364,NL2020,,NLUWWINV2017,20171231,,883,,305,,,,,,1544,P,17080000,20170101,"InvCol en InvTp: lopende prijzen inclusief BTW / OpCosts: riolering 501 + rwzi's 1,043 (lopende prijzen inclusief BTW)"
48199,DK2018,11371338,DKUWWIN2016,20161231,,510,,255,,,,,,,CU,,20160101,the division between collection systems and tretmentplant are unknown and ar estimatetet to 2/3 and 1/3
47819,AT_UWWTD_2019_1,22246325,ATUWWINV2025,20251231,,224,,47,,,,,,,EXP,,20250101,"Die Daten für das Jahr 2025 stammen aus der Berechnung der Kommunalkredit Austria, die im Zuge der Studie ""Zukünftiger dezentraler Infrastrukturbedarf in Österreich"" (Institut für Höhere Studien, 2018, verfügbar unter: https://irihs.ihs.ac.at/id/eprint/4666/)  erstellt wurde"
47819,AT_UWWTD_2019_1,22095325,ATUWWINV2020,20201231,,210,,43,,,,,,,EXP,,20200101,"Die Daten für das Jahr 2020 stammen aus der Berechnung der Kommunalkredit Austria, die im Zuge der Studie ""Zukünftiger dezentraler Infrastrukturbedarf in Österreich"" (Institut für Höhere Studien, 2018, verfügbar unter: https://irihs.ihs.ac.at/id/eprint/4666/)  erstellt wurde"
47819,AT_UWWTD_2019_1,22155725,ATUWWINV2022,20221231,,218,,38,,,,,,,EXP,,20220101,"Die Daten für das Jahr 2022 stammen aus der Berechnung der Kommunalkredit Austria, die im Zuge der Studie ""Zukünftiger dezentraler Infrastrukturbedarf in Österreich"" (Institut für Höhere Studien, 2018, verfügbar unter: https://irihs.ihs.ac.at/id/eprint/4666/)  erstellt wurde"
47819,AT_UWWTD_2019_1,22216125,ATUWWINV2024,20241231,,222,,44,,,,,,,EXP,,20240101,"Die Daten für das Jahr 2024 stammen aus der Berechnung der Kommunalkredit Austria, die im Zuge der Studie ""Zukünftiger dezentraler Infrastrukturbedarf in Österreich"" (Institut für Höhere Studien, 2018, verfügbar unter: https://irihs.ihs.ac.at/id/eprint/4666/)  erstellt wurde"
48178,CY 2019 Art.17,1589332,CYUWWINV2023,20231231,0,0,,0,,,,,,,EXP,,20230101,-
48178,CY 2019 Art.17,1597032,CYUWWINV2024,20241231,0,9.47,,12.8,,,,,,,EXP,,20240101,"million euros, VAT included, Reference Date (06/2020)"
48178,CY 2019 Art.17,1650932,CYUWWINV2025,20251231,0,13.75,,32.46,,,,,,,EXP,,20250101,"million euros, VAT included, Reference Date (06/2020)"
48178,CY 2019 Art.17,1650932,CYUWWINV2026,20261231,0,93.81,,0,,,,,,,EXP,,20260101,"million euros, VAT included, Reference Date (06/2020)"
48199,DK2018,11307100,DKUWWIN2014,20141231,,533,,266,,,,,,,CU,,20140101,the division between collection systems and tretmentplant are unknown and ar estimatetet to 2/3 and 1/3
48178,CY 2019 Art.17,1690632,CYUWWINV2027,20271231,0,86.37,,14.89,,,,,,,EXP,,20270101,"million euros, VAT included, Reference Date (06/2020)"
48178,CY 2019 Art.17,1690632,CYUWWINV2028,20281231,0,0,,0,,,,,,,EXP,,20280101,-
48178,CY 2019 Art.17,1690632,CYUWWINV2029,20291231,0,71.07,,0,,,,,,,EXP,,20290101,"million euros, VAT included, Reference Date (06/2020)"
48364,NL2020,21800000,NLUWWINV2014,20141231,,1102,,220,,,,,,1663,P,16830000,20140101,"InvCol: Prijspeil 2012_exclusief BTW / InvTp: lopende prijzen inclusief BTW / OpCosts: riolering 618 (exclusief BTW, prijspeil 2012 ) + rwzi's 1,045 (lopende prijzen inclusief BTW)"
48364,NL2020,21800000,NLUWWINV2021-2025,20251231,,3897,,2235,,,,,,,EXP,,20210101,
48561,DE_UWWT_2018,151814295,DEUWWINV2018,20181231,,2637,,1265,,,,,,,CU,,20180101,"soecCapicity: Betrifft derzeitige Ausbaugröße (Bemessungskapazität gemäß Genehmigungsbescheid) bezogen auf öffentliche Abwasserbehandlungsanlagen ab mindestens 50 EW (p.e.) Ausbaugröße; Datenquelle: Statistisches Bundesamt (Fachserie 19 Reihe 2.1.2) 2016; Erhebung alle 3 Jahre; soecInVCol und soecTp: wirtschaftliche Kennzahlen, darunter auch Investitionszahlen für den Bereich Abwasserentsorgung werden separat im Rahmen der Statistik des produzierenden Gewerbes (Fachserie 4 Reihe 6.1) jährlich seit 2008 vom Statistischen Bundesamt erhoben und publiziert. Die Berichte erscheinen frühestens 18 Monate nach Ablauf des Berichtzeitraumes. Vorher waren die Informationen unter """"Energie- und Wasserversorgung"""" subsumiert und daher nicht separat ausweisbar. Die Erhebungspflicht besteht für Unternehmen der Abwasserentsorgung, die eine jährliche Schmutzwassermenge von 200.000 m³ und mehr behandeln. Dies deckt sich in etwa mit dem Geltungsbereich der Kommunalabwasserrichtlinie. Ein wichtiges Ergebnis dieser Erhebung sind die getätigten Investitionen. Den größten Anteil bei den Investitionen haben die Investitionen in technische Anlagen und Maschinen. Diese werden in der Statistik separat ausgewiesen. Davon werden u.a. Investitionen in Leitungs- und Rohrnetz (Tabelle 2.6) separat ausgewiesen und hier als Investitionen in Kanalnetz angenommen. Die Angaben zu Investitionen in Anlagen ergeben sich aus der Differenz der Investitionen in technische Anlagen und Maschinen und in Kanalnetz(Tabelle 2.5). Zahlen zu geplanten Investitionen werden nicht erhoben und liegen daher nicht vor."
49034,ES,23768088,ESUWWINV2015,20151231,45.7,237.2,5.7,589.4,,0,0,,,38.7,EXP,,20150101,
49034,ES,23768088,ESUWWINV2016,20161231,43.9,107.6,5.2,633.4,,0,0,,,90.8,EXP,,20160101,
49034,ES,23768088,ESUWWINV2017,20171231,56,170.2,5.2,800.2,,0,0,,,91.5,EXP,,20170101,
49034,ES,23768088,ESUWWINV2018,20181231,69.2,242.2,5.7,968.5,,0,0,,,104.1,EXP,,20180101,
48957,BG2020,883802,BGUWWINV2019_2020,20201231,62.09,16.93,,56.63,,,,,,,CU,,20170101,
48957,BG2020,2195356,BGUWWINV2021_2023,20231231,252.05,184.9,,112.65,,,,,,,EXP,,20210101,
48957,BG2020,1772158,BGUWWINV2024_2030,20301231,477.07,2028.386,,574.56,,,,,,,EXP,,20240101,
49034,ES,23768088,ESUWWINV2023,20231231,29.2,184.2,5.4,355.2,,0,0,,,11.2,EXP,,20230101,
48364,NL2020,,NLUWWINV2019,20191231,,885,,324,,,,,,1610,CU,17280000,20190101,InvCol en InvTp: lopende prijzen inclusief BTW / OpCosts: riolering 502 + rwzi's 1108 (lopende prijzen inclusief BTW)
49199,RO07,1458450,ROUWWINV2012_2016,20161231,1175.946622,516.886,0,146.099,0,10533.1985,6705.328,5651.76,2007,625.9336692,P,1275614,20120101,"Amount of investment whether VAT not included. Cost measures for sewerage networks, waste water treatment and waste management measures. Other taxes included: technical assistance for designing surveillance works, financial audit service projects, pumping stations, evacuation pipelines, waste collection, pipeline bypass pipes to the treatment plant."
49199,RO07,1729205,ROUWWINV2017_2018,20181231,1043.033522,396.202,0,41.885,0,9889.32038,6684.9151,6218.01975,9345,146.1305854,CU,1950868,20170101,"Amount of investment whether VAT not included. Cost measures for sewerage networks, waste water treatment and waste management measures. Other taxes included: technical assistance for designing surveillance works, financial audit service projects, pumping stations, evacuation pipelines, waste collection, pipeline bypass pipes to the treatment plant."
49199,RO07,16230976,ROUWWINV2019_2023,20231231,2233.17641,2013.253,0,836.611,0,12028.90574,19187.73005,9909.20709,26981,452.726177,EXP,6753996,20190101,"Amount of investment whether VAT not included. Cost measures for sewerage networks, waste water treatment and waste management measures. Other taxes included: technical assistance for designing surveillance works, financial audit service projects, pumping stations, evacuation pipelines, waste collection, pipeline bypass pipes to the treatment plant."
48197,LV007,2249163,LVUWWINV2010_2014,20141231,,127.13,,50.44,,,,,,,P,,20100101,
48275,BE-1,15000,BEUWWINVBOTENREUKEN2020_2022,20221231,,6.5,,0,,,,,,,CU,,20200101,Brussels Region: building new Storm Basin Ten Reuken - VAT not included
48275,BE-1,15000,BEUWWINVBOMOL2021_2026,20261231,,54,,0,,,,,,,EXP,,20210101,Brussels Region: building new Storm Basin Molenbeek - VAT not included
47939,SE369,13863377,SEUWWINV2018,20181231,,200,,2097,,,,,,,CU,,20180101,"Unit: Million EUR, 
estimated investment costs, VAT not included. Data collected through a national survey with approximately 50 % respondants on the questions concerning investment costs. No extrapolation has been made to estimate costs of non-respondants. The organic design capacity is the value from the 11th reporting of the UWWTD´s Article 15."
47939,SE369,13863377,SEUWWINV2019,20191231,,226,,378,,,,,,,EXP,,20190101,"Unit: Million EUR, estimated investment costs, 
VAT not included. Data collected through a national survey with approximately 50 % respondants on the questions concerning investment costs. No extrapolation has been made to estimate costs of non-respondants. The organic design capacity is the value from the 11th reporting of the UWWTD´s Article 15."
47939,SE369,13863377,SEUWWINV2020_2025,20251231,0.2,1045,,1041,,,,,,,EXP,,20200101,"Unit: Million EUR, estimated investment costs, 
VAT not included. Data collected through a national survey with approximately 50 % respondants on the questions concerning investment costs. No extrapolation has been made to estimate costs of non-respondants. The organic design capacity is the value from the 11th reporting of the UWWTD´s Article 15."
48032,EL_UWWTD_2020,150045217,EL_UWWTD_2020,20271231,1672.0843,1319.3936,,695.4716,,,,,,,EXP,,20160101,"The VAT is not icluded. 
The investment's amount includes  the investments
for the not compliant situations and also the needs for renovation and  maintainance of the
performance of the whole system."
49034,ES,23768088,ESUWWINV2025,20251231,29.2,184.2,5.4,355.2,,0,0,,,11.2,EXP,,20250101,
49034,ES,23768088,ESUWWINV2026,20261231,29.2,184.2,5.4,355.2,,0,0,,,11.2,EXP,,20260101,
49034,ES,23768088,ESUWWINV2027,20271231,29.2,184.2,5.4,355.2,,0,0,,,11.2,EXP,,20270101,
49034,ES,23768088,ESUWWINV2028,20281231,5,75.5,,18.1,,0,0,,,0.8,EXP,,20280101,
48197,LV007,2249163,LVUWWINV2015_2016,20161231,,102.55,,10.08,,,,,,,CU,,20150101,
48197,LV007,2249163,LVUWWINV2016_2022,20221231,102.562507,147.479438,,0,,,,,,,EXP,,20160101,"Investment planning for 2021-2027 is ongoing, decisions are not made yet."
48199,DK2018,11436238,DKUWWIN2018,20181231,,457,,228,,,,,,,CU,,20180101,the division between collection systems and tretmentplant are unknown and ar estimatetet to 2/3 and 1/3
48890,UK,104493348,UKUWWIN2012_2018,20181231,,4656.53,,2639.29,,,,,,,P,,20120101,Euro conversion rate £1=1.11 Euro
48890,UK,104815153,UKUWWIN2019_2020,20201231,,1482.86,,707.66,,,,,,,Cu,,20190101,Euro conversion rate £1=1.11 Euro
48890,UK,105706149,UKUWWIN2021_2025,20251231,,3412.82,,2229.96,,,,,,,Exp,,20210101,Euro conversion rate £1=1.11 Euro. No SR21 UWWTD enhancement allowance currently
49034,ES,23768088,ESUWWINV2024,20241231,29.2,184.2,5.4,355.2,,0,0,,,11.2,EXP,,20240101,
47943,Lt_2018_Art_17,3495748,LTUWWINV2014_2019,20191231,128.1215045,151.4183242,,41.46944994,,,,,,,P,,20140101,"PVM neįskaičiuotas; įskaičiuota 2014-2020 ES fondų lėšomis finansuojama nuotekų tinklų plėtra, NVĮ rekonstrukcija/statyba, dumblo tvarkymo priemonės"
47943,Lt_2018_Art_17,3525748,LTUWWINV2020_2023,20231231,58.80547283,33.94047261,,41.24079368,,,,,,,EXP,,20200101,PVM neįskaičiuotas; įskaičiuota 2014-2020 Vandentvarkos fondo ir 2 NVĮ investicijos
47813,FI2018ART17,6700000,FIUWWINV2016,20161231,,316,,50,,,,,,275,P,5495000,20160101,
47813,FI2018ART17,6800000,FIUWWINV2017,20171231,,320,,55,,,,,,278,P,5513000,20170101,
47813,FI2018ART17,6900000,FIUWWINV2018,20181231,,325,,55,,,,,,279,P,5520000,20180101,
47813,FI2018ART17,7000000,FIUWWINV2019,20191231,,329,,55,,,,,,279,P,5525000,20190101,
47813,FI2018ART17,7100000,FIUWWINV2020,20201231,,334,,55,,,,,,279,CU,5528000,20200101,
47813,FI2018ART17,7200000,FIUWWINV2021,20211231,,338,,55,,,,,,279,EXP,5528000,20210101,
47813,FI2018ART17,7300000,FIUWWINV2022,20221231,,343,,55,,,,,,279,EXP,5528000,20220101,
47813,FI2018ART17,7300000,FIUWWINV2023,20231231,,349,,55,,,,,,279,EXP,5528000,20230101,
47813,FI2018ART17,7300000,FIUWWINV2024,20241231,,356,,55,,,,,,279,EXP,5528000,20240101,
49199,RO07,4349925,ROUWWINV2024_2027,20271231,1084.088084,2523.263,0,1078.169,0,10019.21946,14119.32493,8223.05374,4908,456.7697894,EXP,4033913,20190101,"Amount of investment whether VAT not included. Cost measures for sewerage networks, waste water treatment and waste management measures. Other taxes included: technical assistance for designing surveillance works, financial audit service projects, pumping stations, evacuation pipelines, waste collection, pipeline bypass pipes to the treatment plant."
48199,DK2018,11436238,DKUWWIN2020,20201231,,457,,228,,,,,,,EXP,,20200101,the division between collection systems and tretmentplant are unknown and ar estimatetet to 2/3 and 1/3
48616,SI_2018_Art_17,2444000,SIUWWINV2006_2012,20121231,,412,,264,,,,,,,P,,20060101,"ocena-tekoče cene, davek na dodano vrednost ni vključen"
48616,SI_2018_Art_17,2465000,SIUWWINV2013,20131231,,57,,25,,,,,,,P,,20130101,"ocena-tekoče cene, davek na dodano vrednost ni vključen"
48616,SI_2018_Art_17,2495000,SIUWWINV2014,20141231,,100,,63,,,,,,,P,,20140101,"ocena-tekoče cene, davek na dodano vrednost ni vključen"
48616,SI_2018_Art_17,2509000,SIUWWINV2015,20151231,,115,,94,,,,,,,P,,20150101,"ocena-tekoče cene, davek na dodano vrednost ni vključen"
48616,SI_2018_Art_17,2651000,SIUWWINV2016,20161231,18,33,,15,,,,,,,P,,20160101,"ocena-tekoče cene, davek na dodano vrednost ni vključen"
48616,SI_2018_Art_17,2677000,SIUWWINV2017,20171231,20,54,,8,,,,,,,P,,20170101,"ocena-tekoče cene, davek na dodano vrednost ni vključen"
48616,SI_2018_Art_17,2681000,SIUWWINV2018,20181231,28,65,,20,,,,,,,P,,20180101,"ocena-tekoče cene, davek na dodano vrednost ni vključen"
48616,SI_2018_Art_17,2681000,SIUWWINV2019,20191231,38,78,,35,,,,,,,CU,,20190101,"ocena-tekoče cene, davek na dodano vrednost ni vključen"
48616,SI_2018_Art_17,2681000,SIUWWINV2020,20201231,32,75,,15,,,,,,,CU,,20200101,"ocena-tekoče cene, davek na dodano vrednost ni vključen"
48616,SI_2018_Art_17,2681000,SIUWWINV2021,20211231,13,32,,5,,,,,,,EXP,,20210101,"ocena-tekoče cene, davek na dodano vrednost ni vključen"
48616,SI_2018_Art_17,2681000,SIUWWINV2022,20221231,8,14,,3,,,,,,,EXP,,20220101,"ocena-tekoče cene, davek na dodano vrednost ni vključen"
48616,SI_2018_Art_17,2681000,SIUWWINV2023,20231231,6,11,,1.5,,,,,,,EXP,,20230101,"ocena-tekoče cene, davek na dodano vrednost ni vključen"
48616,SI_2018_Art_18,2681000,SIUWWINV2024,20241231,5,7,,2,,,,,,,EXP,,20240101,"ocena-tekoče cene, davek na dodano vrednost ni vključen"
48616,SI_2018_Art_19,3288000,SIUWWINV2025_2030,20301231,6,12,,5,,,,,,,EXP,,20250101,"ocena-tekoče cene, davek na dodano vrednost ni vključen"
48332,259,15402346,CZUWWINV2017,20171231,370,300,2,130,118001,50247,,,,16516,P,10626000,20170101,"Celková délka kanalizací v ČR je 50 247 km, dle údajů VÚME nelze přesně rodělit kolik je které, jelikož vlastníci vykazují celkovou délku majetku a v rámci jednoho majetku může být i kombinace jednotné kanalizace a oddílné kanalizace."
48332,259,15461192,CZUWWINV2018,20181231,,290,1.5,130,,,,,,,CU,,20180101,
48332,259,15467126,CZUWWINV2019,20191231,,290,1.5,130,,,,,,,EXP,,20190101,
48332,259,15469625,CZUWWINV2020,20201231,,280,1,130,,,,,,,EXP,,20200101,
48332,259,15471234,CZUWWINV2021,20211231,,280,1,130,,,,,,,EXP,,20210101,
48332,259,12473579,CZUWWINV2022,20221231,,280,1,130,,,,,,,EXP,,20220101,
48275,BE-2,4126010,BEUWWINV2020_W,20201231,,34,,75,,,,,,,CU,,20200101,"Walloon Region. Estimated investments costs: annual forecasts of investment expenses related to collecting system (column soecInvCol) and WWTP and main sewer (column soecInvTp).
Total investment costs: costs of works and costs related."
48275,BE-2,4136807,BEUWWINV2021_W,20211231,,75,,107,,,,,,,EXP,,20210101,"Walloon Region. Estimated investments costs: annual forecasts of investment expenses related to collecting system (column soecInvCol) and WWTP and main sewer (column soecInvTp).
Total investment costs: costs of works and costs related."
48275,BE-2,4147604,BEUWWINV2022_W,20221231,,54,,70,,,,,,,EXP,,20220101,"Walloon Region. Estimated investments costs: annual forecasts of investment expenses related to collecting system (column soecInvCol) and WWTP and main sewer (column soecInvTp).
Total investment costs: costs of works and costs related."
48275,BE-3,5450990,BEUWWINV2018-3,20181231,,133.57,,45.88,,,,,,,P,,20180101,"Flemish Region: actual investment cost under the Optimization program (OP) (sum of all final payments of OP-projects completed by Aquafin in 2018, commissioned by the Flemish Region,  reference date 12/2018) + estimated investment costs for Asset Management-projects in 2018 (reference date 12/2018, VAT not included)."
48275,BE-3,5457947,BEUWWINV2019-3,20191231,,139.85,,36.11,,,,,,,P,,20190101,"Flemish Region: actual investment cost under the Optimization program (OP) (sum of all final payments of OP-projects completed by Aquafin in 2019, commissioned by the Flemish Region,  reference date 12/2019) + estimated investment costs for Asset Management-projects in 2019 (reference date 12/2019, VAT not included)."
48275,BE-3,5505152,BEUWWINV2020-3,20201231,,171.04,,38.63,,,,,,,CU,,20200101,"Flemish Region: estimated investment cost  of Optimization program-projects and Asset Management projects, sum of all final payments of projects to be completed by Aquafin in 2020, commissioned by the Flemish Region, reference date 12/2020, VAT not included"
