"uwwID","uwwState","repID","uwwCode","uwwName","uwwCollectingSystem","uwwE_PRTRCode","uwwpInhabitantsConnected","uwwMoreStringentStandards","uwwMoreStringentStandardsNtot","uwwMoreStringentStandardsPtot","uwwMoreStringentStandardsBOD","uwwMoreStringentStandardsOther","uwwEffluentFLowType","uwwEffluentFLowTypeRemark","uwwRemarks"
2762,105,498,"ROWPI_18787_01","ROWPI SC FORESTAL SA STALPENI",112,"NULL",0,False,False,False,False,"No",,"NULL","NULL"
2763,106,498,"ROCO_18787_00","ROCO Stalpeni",112,"NULL",555,False,False,False,False,"No",128,"NULL","NULL"
2764,106,498,"ROWPI_110.05_01","ROWPI SC SERVICE AVICOLA SA MIHAILESTI",111,"NULL",1500,False,False,False,False,"No",128,"NULL","NULL"
2765,106,498,"ROWP_66090_01","ROWP SC COMPANIA DE APA TARGOVISTE-DAMBOVITA SA - CENTRUL TITU",111,"NULL",6369,False,False,False,False,"No",128,"NULL","NULL"
2766,106,498,"ROWP_65690_01","ROWP SC COMPANIA DE APA TARGOVISTE-DAMBOVITA SA - CENTRUL GAESTI",111,"NULL",7555,False,False,False,False,"No",128,"NULL","NULL"
2767,106,498,"ROWP_19800_01","ROWP PRIMARIA VEDEA",111,"NULL",1200,False,False,False,False,"No",128,"NULL","NULL"
2768,106,498,"ROWP_179418_01","ROWP SC DAC MAGURELE",111,"NULL",5500,False,False,False,False,"No",128,"NULL","NULL"
2769,105,498,"ROWP_179230_01","ROWP SC APA-CANAL ILFOV - BRAGADIRU SI CORNETU",112,"NULL",0,False,False,False,False,"No",,"NULL","NULL"
2770,106,498,"ROCO_179230_00","ROCO SC APA-CANAL ILFOV - BRAGADIRU SI CORNETU",112,"NULL",4500,False,False,False,False,"No",128,"NULL","NULL"
2771,106,498,"ROWP_152911_01","ROWP PRIMARIA DRAGANESTI VLASCA",111,"NULL",56,False,False,False,False,"No",128,"NULL","NULL"
2772,106,498,"ROWP_151987_01","ROWP SC APA SERV SA - ZIMNICEA",111,"NULL",4337,False,False,False,False,"No",128,"NULL","NULL"
2773,106,498,"ROWP_151914_01","ROWP SC APA SERV SA - VIDELE",111,"NULL",4993,False,False,False,False,"No",128,"NULL","NULL"
2774,106,498,"ROWP_151889_01","ROWP SC APA SERV SA - ROSIORI DE VEDE",111,"NULL",16828,False,False,False,False,"No",128,"NULL","NULL"
2775,106,498,"ROWP_151807_01","ROWP S.C. APA SERV S.A. - ALEXANDRIA",111,"NULL",38619,False,False,False,False,"No",128,"NULL","NULL"
2776,106,498,"ROWP_151692_01","ROWP SC APA SERV SA - TURNU MAGURELE",111,"NULL",21797,False,False,False,False,"No",128,"NULL","NULL"
2777,106,498,"ROWP_14762_01","ROWP SC AQUATERM AG 98 SA Curtea de Arges -st. BRADET",111,"NULL",411,False,False,False,False,"No",128,"NULL","NULL"
2778,106,498,"ROWP_13766_01","ROWP SC APA CANAL 2000 SA PITESTI - CGP TOPOLOVENI",111,"NULL",4630,False,False,False,False,"No",128,"NULL","NULL"
2779,106,498,"ROWP_13677_01","ROWP SC APA CANAL 2000 SA PITESTI - CGP COSTESTI",111,"NULL",4865,False,False,False,False,"No",128,"NULL","NULL"
2780,106,498,"ROWP_13631_01","ROWP S.C. AQUATERM AG 98-CURTEA DE ARGES",111,"NULL",17849,False,False,False,False,"No",128,"NULL","NULL"
2781,106,498,"ROWP_13506_01","ROWP SC EDILUL CGA SA CAMPULUNG",111,"NULL",24206,False,False,False,False,"No",128,"NULL","NULL"
2782,105,498,"ROWP_13374_01","ROWP SC APA CANAL 2000 SA PITESTI-sector Maracineni",112,"NULL",0,False,False,False,False,"No",,"NULL","NULL"
2783,106,498,"ROWP_13310_01","ROWP SERV EDILITARE PTR COMUNITATE  MIOVENI",111,"NULL",29950,False,False,False,False,"No",128,"NULL","NULL"
2784,105,498,"ROWP_13196_01","ROWP SC APA CANAL 2000 S.A. PITESTI-sector  BASCOV",112,"NULL",0,False,False,False,False,"No",,"NULL","NULL"
2785,106,498,"ROWP_128720_01","ROWP SC COMPANIA DE APA OLT - SCORNICESTI",111,"NULL",1289,False,False,False,False,"No",128,"NULL","NULL"
2786,106,498,"ROWP_128383_01","ROWP SC COMPANIA DE APA OLT - POTCOAVA",111,"NULL",173,False,False,False,False,"No",128,"NULL","NULL"
2787,106,498,"ROWP_104840_01","ROWP PRIMARIA ROATA DE JOS",111,"NULL",455,False,False,False,False,"No",128,"NULL","NULL"
2788,105,498,"ROWP_102552_01","ROWP PRIMARIA 1 DECEMBRIE",112,"NULL",0,False,False,False,False,"No",,"NULL","NULL"
2789,106,498,"ROCO_102552_00","ROCO PRIMARIA 1 DECEMBRIE",112,"NULL",4000,False,False,False,False,"No",128,"NULL","NULL"
2790,105,498,"ROWP_101305_01","ROWP SC APA CANAL ILFOV SA -  PRIMARIA BRANESTI",112,"NULL",0,False,False,False,False,"No",,"NULL","NULL"
2791,106,498,"ROCO_101305_00","ROCO Branesti",112,"NULL",1700,False,False,False,False,"No",128,"NULL","NULL"
2792,106,498,"ROWP_101207_01","ROWP AIDR SC APA SERVICE SA GIURGIU - BOLINTIN VALE",111,"NULL",1681,False,False,False,False,"No",128,"NULL","NULL"
2793,105,498,"ROWP_100585_01","ROWP SC TASM ROMANIA SRL (BUFTEA)",112,"NULL",0,False,False,False,False,"No",,"NULL","NULL"
2794,106,498,"ROCO_179132_06","ROCO SC APA NOVA SA BUCURESTI - Buftea",112,"NULL",11080,False,False,False,False,"No",128,"NULL","NULL"
2795,106,498,"ROWP_100530_01","ROWP AIDR SC APA SERVICE SA GIURGIU ",111,"NULL",46894,False,False,False,False,"No",128,"NULL","NULL"
2796,106,498,"ROCO_179490_00","ROCO SC VEOLIA APA SERVICII SRL (OTOPENI)",112,"NULL",10965,False,False,False,False,"No",128,"NULL","NULL"
2797,106,498,"ROWP_179132_01","ROWP SC APA NOVA SA BUCURESTI",111,"NULL",911016,False,False,False,False,"No",128,"NULL","NULL"
2798,106,498,"ROCO_179132_00","ROCO SC APA NOVA SA BUCURESTI",112,"NULL",808235,False,False,False,False,"No",128,"NULL","NULL"
2799,106,498,"ROCO_16463_00","ROCO PRIMARIA DOMNESTI",112,"NULL",194,False,False,False,False,"No",128,"NULL","NULL"
2800,106,498,"ROCO_14469_00","ROCO PRIMARIA BARLA",112,"NULL",281,False,False,False,False,"No",128,"NULL","NULL"
2801,105,498,"ROWP_101467_01","ROWP PRIMARIA BUDESTI",112,"NULL",0,False,False,False,False,"No",,"NULL","NULL"
2802,106,498,"ROCO_101467_00","ROCO PRIMARIA BUDESTI",112,"NULL",300,False,False,False,False,"No",128,"NULL","NULL"
2803,106,498,"RO3AG_51","ROWP SC APA CANAL 2000 S.A. PITESTI",111,"RO3AG_51",152042,False,False,False,False,"No",128,"NULL","NULL"
2804,106,498,"ROWP_14003_01","ROWP PRIMARIA ANINOASA",111,"NULL",119,False,False,False,False,"No",128,"NULL","NULL"
2805,106,498,"ROWP_16766_01","ROWP PRIMARIA LEORDENI",111,"NULL",341,False,False,False,False,"No",,"NULL","NULL"
2806,106,498,"ROWP_100843_01","ROWP PRIMARIA AFUMATI",111,"NULL",2100,False,False,False,False,"No",128,"NULL","NULL"
2807,106,498,"ROWP_153703_01","ROWP SC PUBLISERV VIDELE - POENI",111,"NULL",330,False,False,False,False,"No",128,"NULL","NULL"
2808,106,498,"ROWP_13533_01","ROWP SC EDILUL CGA SA CAMPULUNG - VALEA MARE PRAVAT",111,"NULL",0,False,False,False,False,"No",,"NULL","NULL"
2809,106,498,"ROWP_102614_01","ROWP SC CISCOM EXPOâ€™92 SRL - DRAGOMIRESTI VALE",111,"NULL",2500,False,False,False,False,"No",128,"NULL","NULL"
2810,106,498,"ROWP_179392_01","ROWP CONSILIUL LOCAL JILAVA  ",111,"NULL",3300,False,False,False,False,"No",128,"NULL","NULL"
2811,106,498,"ROWP_14860_01","ROWP SC AEPSUP ARGES SA - BUDEASA",111,"NULL",495,False,False,False,False,"No",,"NULL","NULL"
2812,105,498,"ROWP_104699_01","ROWP PRIMARIA PRUNDU",112,"NULL",0,False,False,False,False,"No",,"NULL","NULL"
2813,106,498,"ROCO_104699_00","ROCO PRIMARIA PRUNDU",112,"NULL",2939,False,False,False,False,"No",128,"NULL","NULL"
2814,106,498,"ROCO_179329_00","ROCO Dobroiesti",112,"NULL",2900,False,False,False,False,"No",128,"NULL","NULL"
2815,106,498,"ROCO_179356_00","ROCO Glina",112,"NULL",2600,False,False,False,False,"No",128,"NULL","NULL"
2816,106,498,"ROCO_179132_01","ROCO SC APA NOVA SA BUCURESTI - Voluntari",112,"NULL",5000,False,False,False,False,"No",128,"NULL","NULL"
2817,106,498,"ROCO_179132_02","ROCO SC APA NOVA SA BUCURESTI - Popesti Leordeni",112,"NULL",8000,False,False,False,False,"No",128,"NULL","NULL"
2818,106,498,"ROCO_179132_03","ROCO SC APA NOVA SA BUCURESTI - Pantelimon",112,"NULL",4100,False,False,False,False,"No",128,"NULL","NULL"
2819,106,498,"ROCO_179132_04","ROCO SC APA NOVA SA BUCURESTI - Chitila ",112,"NULL",7637,False,False,False,False,"No",128,"NULL","NULL"
2820,106,498,"ROCO_179132_05","ROCO SC APA NOVA SA BUCURESTI - Chiajna",112,"NULL",4300,False,False,False,False,"No",128,"NULL","NULL"
2821,105,498,"ROWP_53283_01","ROWP Mehadia",112,"NULL",0,False,False,False,False,"No",,"NULL","NULL"
2822,105,498,"ROWP_12153_01","ROWP Sagu",112,"NULL",0,False,False,False,False,"No",,"NULL","NULL"
2823,105,498,"ROWP_53176_01","ROWP Lupac",112,"NULL",0,False,False,False,False,"No",,"NULL","NULL"
2824,106,498,"ROWP_51252_01","ROWP Armenis",111,"NULL",1033,False,False,False,False,"No",127,"NULL","NULL"
2825,106,498,"ROWP_51760_01","ROWP Bucosnita",111,"NULL",93,False,False,False,False,"No",,"NULL","NULL"
2826,105,498,"ROWP_52945_01","ROWP Glimboca",112,"NULL",0,False,False,False,False,"No",,"NULL","NULL"
2827,105,498,"ROWP_53434_01","ROWP Paltinis",112,"NULL",0,False,False,False,False,"No",,"NULL","NULL"
2828,106,498,"ROWP_51877_03_01","ROWP Prisaca, Zagujeni",111,"NULL",778,False,False,False,False,"No",,"NULL","NULL"
2829,106,498,"ROWP_52124_01","ROWP Cornea",111,"NULL",84,False,False,False,False,"No",,"NULL","NULL"
2830,106,498,"ROWP_52124_01_01","ROWP Crusovat",111,"NULL",472,False,False,False,False,"No",,"NULL","NULL"
2831,105,498,"ROWP_52650_01","ROWP Doclin",112,"NULL",0,False,False,False,False,"No",,"NULL","NULL"
2832,105,498,"ROWP_52650_01_01","ROWP Binis",112,"NULL",0,False,False,False,False,"No",,"NULL","NULL"
2833,105,498,"ROWP_112254_01","ROWP Eselnita",112,"NULL",0,False,False,False,False,"No",,"NULL","NULL"
2834,105,498,"ROWP_12652_01","ROWP Vinga",112,"NULL",0,False,False,False,False,"No",,"NULL","NULL"
2835,106,498,"ROWP_51216_01","ROWP SC Aquacaras SA Otelu Rosu",111,"NULL",1900,False,False,False,False,"No",128,"NULL","NULL"
2836,105,498,"ROWP_51127_01","ROWP SC Aquacaras SA Oravita ",112,"NULL",0,False,False,False,False,"No",,"NULL","NULL"
2837,106,498,"ROWP_51029_01","ROWP SC Aquacaras SA Caransebes",111,"NULL",17000,False,False,False,False,"No",127,"NULL","NULL"
2838,105,498,"ROWP_51029_01_01","ROWP Jupa",112,"NULL",0,False,False,False,False,"No",,"NULL","NULL"
2839,105,498,"ROWP_50978_01","ROWP SC Aquacaras SA Bocsa",112,"NULL",0,False,False,False,False,"No",,"NULL","NULL"
2840,106,498,"ROWP_50932_01","ROWP SC Aquacaras SA Baile Herculane",111,"NULL",3702,False,False,False,False,"No",127,"NULL","NULL"
2841,106,498,"ROWP_50807_01","ROWP SC Aquacaras SA Resita",111,"RO5CS_510",47763,False,False,False,False,"No",128,"NULL","NULL"
2842,106,498,"ROWP_157905_01","ROWP Primaria Nadrag",111,"NULL",2019,False,False,False,False,"No",128,"NULL","NULL"
2843,105,498,"ROWP_157095_01","ROWP Primaria Gataia",112,"NULL",0,False,False,False,False,"No",,"NULL","NULL"
2844,106,498,"ROWP_156810_01","ROWP Primaria Faget",111,"NULL",1360,False,False,False,False,"No",127,"NULL","NULL"
2845,106,498,"ROWP_156482_01","ROWP Costeiu",111,"NULL",646,False,False,False,False,"No",,"NULL","NULL"
2846,106,498,"ROWP_155537_01","ROWP SC Gosan Sannicolau Mare",111,"NULL",4555,False,False,False,False,"No",128,"NULL","NULL"
2847,106,498,"ROWP_155500_01","ROWP SC Aquatim SA Sucursala Jimbolia",111,"NULL",1673,False,False,False,False,"No",127,"NULL","NULL"
2848,106,498,"ROWP_155467_01","ROWP SC Aquatim SA Sucursala Deta",111,"NULL",3990,False,False,False,False,"No",128,"NULL","NULL"
2849,106,498,"ROWP_155412_01","ROWP Consilul Local Buzias",111,"NULL",4214,False,False,False,False,"No",128,"NULL","NULL"
2850,106,498,"ROWP_155369_01","ROWP Meridian 22 Lugoj",111,"NULL",33009,False,False,False,False,"No",128,"NULL","NULL"
2851,106,498,"ROWP_110072_01","ROWP SC Floricola Orsova",111,"NULL",5900,False,False,False,False,"No",127,"NULL","NULL"
2852,106,498,"ROWP_54421_03_01","ROWP Zervesti",111,"NULL",2309,False,False,False,False,"No",,"NULL","NULL"
2853,105,498,"ROCO_54421_00","ROCO Turnu Ruieni",112,"NULL",0,False,False,False,False,"No",,"NULL","NULL"
2854,105,498,"ROCO_54396_00","ROCO Toplet",112,"NULL",0,False,False,False,False,"No",,"NULL","NULL"
2855,106,498,"ROCO_54065_00","ROCO Slatina Timis",112,"NULL",917,False,False,False,False,"No",,"NULL","NULL"
2856,106,498,"ROWP_54065_01","ROWP Sadova Veche-Slatina Timis",111,"NULL",150,False,False,False,False,"No",127,"NULL","NULL"
2857,105,498,"ROCO_53283_00","ROCO Mehadia",112,"NULL",0,False,False,False,False,"No",,"NULL","NULL"
2858,105,498,"ROCO_53176_00","ROCO Lupac",112,"NULL",0,False,False,False,False,"No",,"NULL","NULL"
2859,106,498,"ROCO_51582_00","ROCO Primaria Bozovici",112,"NULL",369,False,False,False,False,"No",,"NULL","NULL"
2860,106,498,"ROWP_51458_01","ROWP Berzasca",111,"NULL",200,False,False,False,False,"No",,"NULL","NULL"
2861,105,498,"ROCO_51458_00","ROCO Berzasca",112,"NULL",0,False,False,False,False,"No",,"NULL","NULL"
2862,106,498,"ROCO_52945_00","ROCO Glimboca",112,"NULL",1029,False,False,False,False,"No",,"NULL","NULL"
2863,106,498,"ROCO_51127_00","ROCO SC Aquacaras SA Oravita",112,"NULL",5118,False,False,False,False,"No",,"NULL","NULL"
2864,106,498,"ROCO_51127_04_00","ROCO Marila",112,"NULL",103,False,False,False,False,"No",,"NULL","NULL"
2865,106,498,"ROCO_51065_02","ROCO SC Aquacaras SA Moldova Noua_ev Hotel",112,"NULL",4887,False,False,False,False,"No",,"NULL","NULL"
2866,106,498,"ROCO_51065_01","ROCO SC Aquacaras SA Moldova Noua_ev Dacia",112,"NULL",2632,False,False,False,False,"No",,"NULL","NULL"
2867,105,498,"ROCO_51029_00","ROCO SC Aquacaras SA Caransebes",112,"NULL",0,False,False,False,False,"No",,"NULL","NULL"
2868,106,498,"ROCO_50978_02","ROCO SC Aquacaras SA Bocsa_ev. Vasiova",112,"NULL",900,False,False,False,False,"No",,"NULL","NULL"
2869,106,498,"ROCO_50978_01","ROCO SC Aquacaras SA Bocsa_2MFA Bocsa Romana",112,"NULL",7420,False,False,False,False,"No",,"NULL","NULL"
2870,106,498,"ROCO_50898_00","ROCO SC Aquacaras SA  Anina",112,"NULL",4525,False,False,False,False,"No",,"NULL","NULL"
2871,105,498,"ROCO_50807_06","ROCO SC Aquacaras SA Resita_ev. Directa",112,"NULL",0,False,False,False,False,"No",,"NULL","NULL"
2872,106,498,"ROCO_50807_05","ROCO SC Aquacaras SA Resita_pod CFR",112,"NULL",1550,False,False,False,False,"No",,"NULL","NULL"
2873,106,498,"ROCO_50807_04","ROCO SC Aquacaras SA Resita_str. Bd. Revolutiei",112,"NULL",8248,False,False,False,False,"No",,"NULL","NULL"
2874,105,498,"ROCO_50807_03","ROCO SC Aquacaras SA Resita_str. Nerei",112,"NULL",0,False,False,False,False,"No",,"NULL","NULL"
2875,106,498,"ROCO_50807_02","ROCO SC Aquacaras SA Resita_Hala Noua",112,"NULL",893,False,False,False,False,"No",,"NULL","NULL"
2876,106,498,"ROCO_50807_01","ROCO SC Aquacaras SA Resita-Str Zimbrului",112,"NULL",34,False,False,False,False,"No",,"NULL","NULL"
2877,105,498,"ROCO_158902_00","ROCO Primaria Tomesti",112,"NULL",0,False,False,False,False,"No",,"NULL","NULL"
2878,106,498,"ROWP_158920_01","ROWP Colonia Fabricii",111,"NULL",753,False,False,False,False,"No",127,"NULL","NULL"
2879,106,498,"ROCO_158323_00","ROCO Primaria Recas",112,"NULL",142,False,False,False,False,"No",,"NULL","NULL"
2880,105,498,"ROCO_158118_00","ROCO Periam",112,"NULL",0,False,False,False,False,"No",,"NULL","NULL"
2881,106,498,"ROCO_158029_00","ROCO Ortisoara",112,"NULL",157,False,False,False,False,"No",,"NULL","NULL"
2882,106,498,"ROCO_157549_00","ROCO Primaria Lovrin",112,"NULL",226,False,False,False,False,"No",,"NULL","NULL"
2883,106,498,"ROCO_157095_00","ROCO Primaria Gataia",112,"NULL",1339,False,False,False,False,"No",,"NULL","NULL"
2884,105,498,"ROCO_157040_00","ROCO Gavojdia",112,"NULL",0,False,False,False,False,"No",,"NULL","NULL"
2885,106,498,"ROWP_157040_01","ROWP Gavojdia",111,"NULL",891,False,False,False,False,"No",127,"NULL","NULL"
2886,105,498,"ROCO_155369_00","ROCO Meridian 22 Lugoj",112,"NULL",0,False,False,False,False,"No",,"NULL","NULL"
2887,105,498,"ROCO_155270_00","ROCO Dumbravita",112,"NULL",0,False,False,False,False,"No",,"NULL","NULL"
2888,106,498,"ROWP_155788_01","ROWP Dudestii Noi",111,"NULL",135,False,False,False,False,"No",127,"NULL","NULL"
2889,106,498,"ROWP_159268_01","ROWP Victor Vlad Delamarina",111,"NULL",118,False,False,False,False,"No",127,"NULL","NULL"
2890,106,498,"RO5TM_528","ROWP RA Aquatim Timisoara",111,"RO5TM_528",304056,False,False,False,False,"No",128,"NULL","NULL"
2891,105,498,"ROWP_158074_01","ROWP Peciu Nou",112,"NULL",0,False,False,False,False,"No",,"NULL","NULL"
2892,105,498,"ROWP_157503_01","ROWP Liebling",112,"NULL",0,False,False,False,False,"No",,"NULL","NULL"
2893,105,498,"ROWP_156222_01","ROWP Carpinis",112,"NULL",0,False,False,False,False,"No",,"NULL","NULL"
2894,105,498,"ROWP_156268_01","ROWP Cenad",112,"NULL",0,False,False,False,False,"No",,"NULL","NULL"
2895,105,498,"ROWP_155608_01","ROWP Banloc",112,"NULL",0,False,False,False,False,"No",,"NULL","NULL"
2896,106,498,"ROWP_43652_01","ROWP  CUP Dunarea Braila - SE Movila Miresii",111,"NULL",84,False,False,False,False,"No",128,"NULL","NULL"
2897,106,498,"ROWP_42753_01","ROWP CUP Dunarea Braila - SE Faurei",111,"NULL",1600,False,False,False,False,"No",128,"NULL","NULL"
2898,106,498,"ROWP_92658_01","ROWP SC URBAN SA Slobozia",111,"NULL",44800,False,False,False,False,"No",128,"NULL","NULL"
2899,106,498,"ROCO_92701_00","ROCO SC RAJA SA Constanta - sect. Fetesti",112,"NULL",,False,False,False,False,"No",,"NULL","NULL"
2900,106,498,"ROWP_100683_01","ROWP SC ECO AQUA SA Calarasi sect Urziceni",111,"NULL",14952,False,False,False,False,"No",128,"NULL","NULL"
2901,106,498,"ROWPI_92765_01","ROWPI SC AGFD Tandarei",111,"NULL",4990,False,False,False,False,"No",128,"NULL","NULL"
2902,106,498,"ROCO_92836_00","ROCO SGCL Amara",112,"NULL",,False,False,False,False,"No",,"NULL","NULL"
2903,106,498,"ROWP_92569_01","ROWP ECO AQUA Calarasi",111,"NULL",45627,False,False,False,False,"No",128,"NULL","NULL"
2904,106,498,"ROWP_100610_01","ROWP SC ECO AQUA Calarasi sect Oltenita",111,"NULL",11702,False,False,False,False,"No",128,"NULL","NULL"
2905,106,498,"ROWP_93888_01","ROWP ECO AQUA Calarasi -sector Lehliu Gara",111,"NULL",2565,False,False,False,False,"No",128,"NULL","NULL"
2906,106,498,"ROWPI_103032_01","ROWPI ICDA Fundulea Company",111,"NULL",450,False,False,False,False,"No",128,"NULL","NULL"
2907,106,498,"ROWP_94562_01","ROWP SC ECOSCUP SRL Stefan cel Mare ",111,"NULL",0,False,False,False,False,"No",128,"NULL","NULL"
2908,106,498,"ROCO_94562_00","ROCO Stefan cel Mare ",112,"NULL",600,False,False,False,False,"No",128,"NULL","NULL"
2909,106,498,"ROWP_65342_02","ROWP Compania de Apa Dambovita - suc Targoviste (SUD)",111,"NULL",72929,False,False,False,False,"No",128,"NULL","NULL"
2910,106,498,"ROWP_65342_01","ROWP Compania de Apa Dambovita - suc Targoviste (NORD)",111,"NULL",8103,False,False,False,False,"No",128,"NULL","NULL"
2911,106,498,"ROWP_65841_01","ROWP Compania de Apa Dambovita - suc Moreni",111,"NULL",11261,False,False,False,False,"No",128,"NULL","NULL"
2912,106,498,"ROWP_65921_01","ROWP Compania de Apa Dambovita - suc. Pucioasa",111,"NULL",7058,False,False,False,False,"No",128,"NULL","NULL"
2913,106,498,"ROWP_65609_01","ROWP Compania de Apa Dambovita - suc. Fieni",111,"NULL",4048,False,False,False,False,"No",128,"NULL","NULL"
2914,106,498,"ROWP_67737_01","ROWP  Compania de Apa Dambovita - suc IL Caragiale",111,"NULL",1129,False,False,False,False,"No",128,"NULL","NULL"
2915,106,498,"ROWP_67595_01","ROWP Compania de Apa Dambovita - suc Targoviste  - SE Gura Ocnitei",111,"NULL",135,False,False,False,False,"No",128,"NULL","NULL"
2916,106,498,"ROWP_100969_01","ROWP Primaria Balotesti",111,"NULL",2700,False,False,False,False,"No",128,"NULL","NULL"
2917,106,498,"ROWP_105160_01","ROWP PROD SERVICE ACT SRL Snagov",111,"NULL",498,False,False,False,False,"No",128,"NULL","NULL"
2918,106,498,"ROWP_104243_01","ROWP CL Moara Vlasiei",111,"NULL",2989,False,False,False,False,"No",128,"NULL","NULL"
2919,106,498,"RO3PH_59","ROWP RASP Ploiesti",111,"RO3PH_59",173105,False,False,False,False,"No",128,"NULL","NULL"
2920,106,498,"ROWP_130847_01","ROWP SC Jovila Construct SRL -suc. Paulesti",111,"NULL",660,False,False,False,False,"No",127,"NULL","NULL"
2921,106,498,"ROWP_131540_01","ROWP SC HIDRO PRAHOVA SA sucursala Sinaia ",111,"NULL",7978,False,False,False,False,"No",128,"NULL","NULL"
2922,106,498,"ROCO_131540_00","ROCO Sinaia",112,"NULL",,False,False,False,False,"No",,"NULL","NULL"
2923,106,498,"ROCO_131210_00","ROCO SC HIDRO PRAHOVA SA sucursala Busteni",112,"NULL",,False,False,False,False,"No",,"NULL","NULL"
2924,106,498,"ROCO_130954_00","ROCO SC HIDRO PRAHOVA SA sucursala Azuga ",112,"NULL",0,False,False,False,False,"No",,"NULL","NULL"
2925,106,498,"ROWP_131256_01","ROWP SC Hidro Prahova SA - sucursala Campina",111,"NULL",22105,False,False,False,False,"No",128,"NULL","NULL"
2926,106,498,"ROWP_131103_01","ROWP SC HIDRO PRAHOVA SA sucursala Breaza",111,"NULL",1395,False,False,False,False,"No",128,"NULL","NULL"
2927,106,498,"ROWP_131103_02","ROWP SC HIDRO PRAHOVA SA sucursala Comarnic",111,"NULL",149,False,False,False,False,"No",128,"NULL","NULL"
2928,106,498,"ROCO_131336_00","ROCO ADPP Comarnic",112,"NULL",0,False,False,False,False,"No",128,"NULL","NULL"
2929,106,498,"ROWP_130981_01","ROWP SC HIDRO PRAHOVA SA sucursala Baicoi",111,"NULL",6691,False,False,False,False,"No",128,"NULL","NULL"
2930,106,498,"ROWP_131817_01","ROWP SC HIDRO PRAHOVA SA sucursala Valeni de Munte",111,"NULL",5038,False,False,False,False,"No",128,"NULL","NULL"
2931,106,498,"ROWP_131817_02","ROWP SC HIDRO PRAHOVA SA sucursala Valeni de Munte (SEAU monobloc)",,"NULL",130,False,False,False,False,"No",,"NULL","NULL"
2932,106,498,"ROWP_131069_01","ROWP SC Jovila Construct Boldesti",111,"NULL",5300,False,False,False,False,"No",128,"NULL","NULL"
2933,106,498,"ROWP_131407_01","ROWP SC HIDRO PRAHOVA SA sucursala Mizil ",111,"NULL",9843,False,False,False,False,"No",128,"NULL","NULL"
2934,106,498,"ROWP_134096_03","ROWP SPGCM Maneciu sect Pamanteni",111,"NULL",584,False,False,False,False,"No",128,"NULL","NULL"
2935,106,498,"ROWP_134096_01","ROWP SPGCM Maneciu sect Ungureni",111,"NULL",2591,False,False,False,False,"No",128,"NULL","NULL"
2936,106,498,"ROWP_134096_02","ROWP SPGCM Maneciu sect Cheia",111,"NULL",300,False,False,False,False,"No",128,"NULL","NULL"
2937,106,498,"ROWP_134942_01","ROWP Primaria Puchenii Mari",111,"NULL",200,False,False,False,False,"No",128,"NULL","NULL"
2938,106,498,"ROWP_131443_01","ROWP SC HIDRO PRAHOVA SA sucursala Plopeni",111,"NULL",7506,False,False,False,False,"No",128,"NULL","NULL"
2939,106,498,"ROWP_133161_01","ROWP SPGC SA Filipesti de Padure",111,"NULL",3226,False,False,False,False,"No",128,"NULL","NULL"
2940,106,498,"ROWP_135949_01","ROWP SPGC Valea Calugareasca",111,"NULL",2300,False,False,False,False,"No",128,"NULL","NULL"
2941,106,498,"ROWP_131620_01","ROWP SC HIDRO PRAHOVA SA sucursala Urlati ",111,"NULL",5456,False,False,False,False,"No",128,"NULL","NULL"
2942,106,498,"ROWP_136107_01","ROWP Primaria Valea Doftanei",111,"NULL",300,False,False,False,False,"No",128,"NULL","NULL"
2943,106,498,"ROWP_133330_01","ROWP SPGL SA Floresti",111,"NULL",2952,False,False,False,False,"No",128,"NULL","NULL"
2944,106,498,"ROWP_133330_01_01","ROWP SPGL SA Floresti-sector Calinesti",111,"NULL",962,False,False,False,False,"No",128,"NULL","NULL"
2945,106,498,"ROWP_131274_01","ROWP SC Jovila Construct Poiana Campina",111,"NULL",699,False,False,False,False,"No",128,"NULL","NULL"
2946,106,498,"ROWPI_130785_02","ROWP Primaria Bucov",111,"NULL",1672,False,False,False,False,"No",127,"NULL","NULL"
2947,106,498,"ROWPI_130785_01","ROWP Pleasa (the former BEGA REAL PLEASA Company)",111,"NULL",167,False,False,False,False,"No",128,"NULL","NULL"
2948,106,498,"ROCO_133161_00","ROCO Filipestii de Padure",112,"NULL",,False,False,False,False,"No",,"NULL","NULL"
2949,106,498,"ROWP_132805_01","ROWP S.C. Utilitati apaserv Cornu S.R.L.",111,"NULL",1060,False,False,False,False,"No",128,"NULL","NULL"
2950,106,498,"ROWP_130552_01","ROWP SC CAPOLES SERV SRL Barcanesti",111,"NULL",650,False,False,False,False,"No",128,"NULL","NULL"
2951,106,498,"ROWP_131577_01","ROWP SC HIDRO PRAHOVA SA sucursala Slanic",111,"NULL",1365,False,False,False,False,"No",128,"NULL","NULL"
2952,106,498,"ROWPI_130721__01","ROWPI OMV Petrom Petrobrazi",111,"NULL",656,False,False,False,False,"No",128,"NULL","NULL"
2953,106,498,"ROWP_133278_01","ROWP SC HIDRO PRAHOVA SA sucursala Fantanele",111,"NULL",132,False,False,False,False,"No",128,"NULL","NULL"
2954,106,498,"ROCO_105160_01_00","ROCO Ghermanesti",112,"NULL",614,False,False,False,False,"No",128,"NULL","NULL"
2955,106,498,"ROCO_105160_02_00","ROCO Tancabesti",112,"NULL",623,False,False,False,False,"No",128,"NULL","NULL"
2956,106,498,"ROCO_132896_01_00","ROCO Drajna de Jos",112,"NULL",600,False,False,False,False,"No",128,"NULL","NULL"
2957,106,498,"ROWP_46180_02_01","ROWP SC Compania de Apa SA Buzau - sect Lera",111,"NULL",0,False,False,False,False,"No",128,"NULL","NULL"
2958,106,498,"ROCO_46180_02_00","ROCO Lera",112,"NULL",47,False,False,False,False,"No",128,"NULL","NULL"
2959,106,498,"RO6BH_57","ROWP Compania de Apa Oradea - Statia de epurare Oradea",111,"RO6BH_57",173142,False,False,False,False,"No",128,"NULL","NULL"
2960,105,498,"ROCO6BH_57","ROCO ORADEA",112,"NULL",0,False,False,False,False,"No",,"NULL","NULL"
2961,106,498,"ROCO_30149_00","ROCO Nojorid",112,"NULL",60,False,False,False,False,"No",,"NULL","NULL"
2962,106,498,"ROWP_26804_01","ROWP Compania de Apa Oradea Sucursala Beius - Statia de epurare Beius",111,"NULL",9220,False,False,False,False,"No",127,"NULL","NULL"
2963,105,498,"ROCO_26804_00","ROCO Beius",112,"NULL",0,False,False,False,False,"No",,"NULL","NULL"
2964,106,498,"ROWP_26877_01","ROWP Marghita",111,"NULL",9583,False,False,False,False,"No",127,"NULL","NULL"
2965,105,498,"ROCO_26877_00","ROCO Marghita",112,"NULL",0,False,False,False,False,"No",,"NULL","NULL"
2966,106,498,"ROWP_26975_01","ROWP Aqua Nova Hargita - Statia de epurare Salonta",111,"NULL",8020,False,False,False,False,"No",,"NULL","NULL"
2967,105,498,"ROCO_26975_00","ROCO Salonta",112,"NULL",0,False,False,False,False,"No",,"NULL","NULL"
2968,106,498,"ROWP_26699_01","ROWP Salubri Alesd",111,"NULL",6435,False,False,False,False,"No",,"NULL","NULL"
2969,106,498,"ROWP_26699-01_01","ROWP Salubri Padurea Neagra",111,"NULL",451,False,False,False,False,"No",,"NULL","NULL"
2970,106,498,"ROWP_26920_01","ROWP Nucet",111,"NULL",2024,False,False,False,False,"No",,"NULL","NULL"
2971,105,498,"ROWP_26920_02","ROWP Nucet - Statia de epurare Resetilovs N2-PM1P",112,"NULL",0,False,False,False,False,"No",,"NULL","NULL"
2972,106,498,"ROCO_30915_00","ROCO Sacuieni",112,"NULL",280,False,False,False,False,"No",,"NULL","NULL"
2973,106,498,"ROWP_26840_01","ROWP Solceta Stei",111,"NULL",6529,False,False,False,False,"No",127,"NULL","NULL"
2974,106,498,"ROCO_32027_00","ROCO Valea lui Mihai",112,"NULL",545,False,False,False,False,"No",,"NULL","NULL"
2975,106,498,"ROWP_27007_01","ROWP Vascau",111,"NULL",250,False,False,False,False,"No",,"NULL","NULL"
2976,105,498,"ROCO_27007_00","ROCO Vascau",112,"NULL",0,False,False,False,False,"No",,"NULL","NULL"
2977,106,498,"ROWP_26742_01","ROWP Statia de epurare SC Local Prest Astileu",111,"NULL",200,False,False,False,False,"No",,"NULL","NULL"
2978,106,498,"ROWPI_27329_01","ROWPI Suplacu de Barcau Company",111,"NULL",466,False,False,False,False,"No",,"NULL","NULL"
2979,106,498,"ROCO_27686_00","ROCO Bratca",112,"NULL",117,False,False,False,False,"No",,"NULL","NULL"
2980,106,498,"ROWP_28246_01","ROWP Cefa (Inand)",111,"NULL",58,False,False,False,False,"No",,"NULL","NULL"
2981,106,498,"ROCO_29092_00","ROCO Diosig",112,"NULL",341,False,False,False,False,"No",,"NULL","NULL"
2982,106,498,"ROWP_29154_01","ROWP Dobresti",111,"NULL",364,False,False,False,False,"No",,"NULL","NULL"
2983,105,498,"ROWP_30568_01","ROWP Popesti (Voivozi)",112,"NULL",0,False,False,False,False,"No",,"NULL","NULL"
2984,106,498,"ROCO_30568_00","ROCO Popesti (Voivozi)",112,"NULL",1227,False,False,False,False,"No",,"NULL","NULL"
2985,106,498,"ROWP_31011_01","ROWP Salard - Statia de epurare Salard-Hodos",111,"NULL",369,False,False,False,False,"No",,"NULL","NULL"
2986,106,498,"ROWP_31510_01","ROWP Suncuius",111,"NULL",922,False,False,False,False,"No",,"NULL","NULL"
2987,106,498,"ROWP_31262_01","ROWP Suplacu de Barcau",111,"NULL",670,False,False,False,False,"No",,"NULL","NULL"
2988,106,498,"ROWP_31789_01","ROWP Compania de Apa Oradea - Statia de epurare Tinca",111,"NULL",366,False,False,False,False,"No",127,"NULL","NULL"
2989,106,498,"ROCO_9930_00","ROCO Beliu",112,"NULL",68,False,False,False,False,"No",,"NULL","NULL"
2990,106,498,"ROCO_10195_00","ROCO Bocsig",112,"NULL",87,False,False,False,False,"No",,"NULL","NULL"
2991,106,498,"ROWP_10943_01","ROWP Compania de Apa Arad - Sector Gurahont",111,"NULL",554,False,False,False,False,"No",128,"NULL","NULL"
2992,106,498,"ROWP_12368_01","ROWP Compania de Apa Arad - Statia de epurare Siria",111,"NULL",30,False,False,False,False,"No",,"NULL","NULL"
2993,106,498,"ROWP_9459_01","ROWP Statia de epurare Chisineu-Cris, Compania de Apa Valea Crisurilor",111,"NULL",2991,False,False,False,False,"No",,"NULL","NULL"
2994,106,498,"ROWP_9538_01","ROWP Compania de Apa Arad - Sector Ineu",111,"NULL",1292,False,False,False,False,"No",,"NULL","NULL"
2995,106,498,"ROWP_9654_01","ROWP Compania de Apa Arad - Sector Pancota",111,"NULL",1202,False,False,False,False,"No",,"NULL","NULL"
2996,106,498,"ROWP_12091_01","ROWP Compania de Apa Arad - Sector Santana",111,"NULL",316,False,False,False,False,"No",,"NULL","NULL"
2997,106,498,"ROWP_9690_01","ROWP SC Termoconstruct SA Sebis",111,"NULL",2640,False,False,False,False,"No",,"NULL","NULL"
2998,106,498,"ROWP_87291_01","ROWP Apa Prod Deva Sucursala Brad - Statia de epurare Brad",111,"NULL",9662,False,False,False,False,"No",127,"NULL","NULL"
2999,106,498,"ROWP_87362_01","ROWP Apa Prod Deva Sucursala Brad - Decantor Taratel",111,"NULL",815,False,False,False,False,"No",,"NULL","NULL"
3000,105,498,"ROWP_87745_01","ROWP Baia de Cris",112,"NULL",0,False,False,False,False,"No",,"NULL","NULL"
3001,106,498,"ROWP_91795_01","ROWP Vata de Jos",111,"NULL",160,False,False,False,False,"No",,"NULL","NULL"
3002,106,498,"ROWP_55446_01","ROWP Compania de Apa Somes Cluj Sucursala Huedin - Statia de epurare Huedin",111,"NULL",7121,False,False,False,False,"No",128,"NULL","NULL"
3003,106,498,"ROWP_57163_01","ROWP Statia de epurare Ciucea",111,"NULL",120,False,False,False,False,"No",,"NULL","NULL"
3004,106,498,"ROWP_59434_01","ROWP Statia de epurare Sancraiu",111,"NULL",1163,False,False,False,False,"No",,"NULL","NULL"
3005,106,498,"ROWP_136642_01","ROWP Apa Serv Satu Mare Sector Tasnad - Statia de epurare Tasnad",111,"NULL",2500,False,False,False,False,"No",128,"NULL","NULL"
3006,106,498,"ROWPI_105.08_01","ROWPI SC Rompetrol Rafinare SA",111,"RO2CT_57",28034,False,False,False,False,"No",128,"NULL","NULL"
3007,106,498,"ROWP_62770_01","ROWP RAJA Poarta Alba",111,"NULL",7202,False,False,False,False,"No",128,"NULL","NULL"
3008,106,498,"ROWP_62404_01","ROWP RAJA Negru Voda",111,"NULL",1876,False,False,False,False,"No",128,"NULL","NULL"
3009,106,498,"ROWP_62208_01","ROWP RAJA Mihail Kogalniceanu",111,"NULL",3993,False,False,False,False,"No",127,"NULL","NULL"
3010,106,498,"ROWP_60856_01","ROWP RAJA Medgidia ",111,"NULL",34975,False,False,False,False,"No",129,"NULL","NULL"
3011,106,498,"ROWP_60696_01","ROWP RAJA Ovidiu",111,"NULL",11526,False,False,False,False,"No",127,"NULL","NULL"
3012,106,498,"ROWP_60491_01","ROWP RAJA Mangalia",111,"RO2CT_56",35273,False,False,False,False,"No",128,"NULL","NULL"
3013,106,498,"ROWP_60464_01","ROWP RAJA Eforie Sud",111,"NULL",17172,False,False,False,False,"No",128,"NULL","NULL"
3014,106,498,"ROWP_60428_01","ROWP RAJA Constanta Sud",111,"RO2CT_59",189772,False,False,False,False,"No",128,"NULL","NULL"
3015,106,498,"ROWP_60428_02","ROWP RAJA Constanta Nord",111,"NULL",92741,False,False,False,False,"No",128,"NULL","NULL"
3016,106,498,"ROWP_60785_01","ROWP RAJA Cernavoda",111,"NULL",13788,False,False,False,False,"No",129,"NULL","NULL"
3017,106,498,"ROWP_160653_01","ROWP Primaria Jurilovca",111,"NULL",1181,False,False,False,False,"No",128,"NULL","NULL"
3018,106,498,"ROWP_159794_01","ROWP Primaria Baia",111,"NULL",3752,False,False,False,False,"No",128,"NULL","NULL"
3019,106,498,"ROWP_159696_01","ROWP SC Aquaserv SA Tulcea - Centrul Operational Isaccea",111,"NULL",1709,False,False,False,False,"No",127,"NULL","NULL"
3020,106,498,"ROWP_159669_01","ROWP SC Aquaserv SA Tulcea - Centrul Operational Babadag",111,"NULL",3308,False,False,False,False,"No",128,"NULL","NULL"
3021,106,498,"ROWP_161044_01","ROWP UAT Niculitel",111,"NULL",859,False,False,False,False,"No",128,"NULL","NULL"
3022,106,498,"ROWP_159749_01","ROWP SC Aquaserv SA Tulcea - Centrul Operational Macin",111,"NULL",4947,False,False,False,False,"No",127,"NULL","NULL"
3023,106,498,"ROWP_161393_01","ROWP Primaria Topolog",111,"NULL",47,False,False,False,False,"No",128,"NULL","NULL"
3024,106,498,"ROWP_160699_01","ROWP SC Utilitati Publice SRL Luncavita",111,"NULL",212,False,False,False,False,"No",128,"NULL","NULL"
3025,106,498,"ROWP_160920_01","ROWP SC Utilitati si Servicii Publice Murighiol SRL",111,"NULL",193,False,False,False,False,"No",128,"NULL","NULL"
3026,106,498,"ROWP_160886_01","ROWP Primaria Mihail Kogalniceanu",111,"NULL",930,False,False,False,False,"No",128,"NULL","NULL"
3027,106,498,"ROWP_160109_01","ROWP Primaria Ceamurlia de Jos",111,"NULL",260,False,False,False,False,"No",127,"NULL","NULL"
3028,106,498,"ROWP_161357_01","ROWP Primaria Stejaru",111,"NULL",330,False,False,False,False,"No",128,"NULL","NULL"
3029,106,498,"ROCO_62716_00","ROCO Pestera",112,"NULL",35,False,False,False,False,"No",,"NULL","NULL"
3030,106,498,"ROCO_62547_00","ROCO Ostrov",112,"NULL",533,False,False,False,False,"No",,"NULL","NULL"
3031,106,498,"ROCO_61327_00","ROCO Cobadin",112,"NULL",519,False,False,False,False,"No",,"NULL","NULL"
3032,106,498,"ROCO_61078_00","ROCO Baneasa ",112,"NULL",329,False,False,False,False,"No",,"NULL","NULL"
3033,106,498,"ROCO_60810_00","ROCO RAJA Sector Harsova",112,"NULL",6570,False,False,False,False,"No",,"NULL","NULL"
3034,106,498,"ROCO_60605_00","ROCO 23 August",112,"NULL",164,False,False,False,False,"No",,"NULL","NULL"
3035,106,498,"ROCO_160733_00","ROCO Mahmudia",112,"NULL",749,False,False,False,False,"No",,"NULL","NULL"
3036,106,498,"ROCO_160181_00","ROCO Chilia Veche",112,"NULL",682,False,False,False,False,"No",,"NULL","NULL"
3037,106,498,"ROCO_159776_00","ROCO SC Aquaserv SA Tulcea - Centrul Operational Sulina",112,"NULL",2930,False,False,False,False,"No",,"NULL","NULL"
3038,106,498,"ROCO_159623_00","ROCO SC Aquaserv SA Tulcea",112,"NULL",56017,False,False,False,False,"No",,"NULL","NULL"
3039,105,498,"ROCO_159749_00","ROCO SC Tehnocom SA Macin",112,"NULL",0,False,False,False,False,"No",,"NULL","In 2012 was put into operation the WWTP for Macin agglomeration."
3040,105,498,"ROCO_161044_00","ROCO Niculitel",112,"NULL",0,False,False,False,False,"No",,"NULL","In 2011 was put into operation the WWTP for Niculitel agglomeration."
3041,105,498,"ROCO_61639_00","ROCO Cumpana",112,"NULL",0,False,False,False,False,"No",,"NULL","Since 2009 this agglomeration is connected to WWTP RAJA Constanta Sud"
3042,105,498,"ROCO_60785_00","ROCO SC Detacan SA Cernavoda",112,"NULL",0,False,False,False,False,"No",,"NULL","In 2008 was put into operation the WWTP for Cernavoda agglomeration."
3043,106,498,"ROWP_86990_01","ROWP S.C. Apa Serv Valea Jiului S.A. Petrosani-Danutoni",111,"NULL",78156,False,False,False,False,"No",127,"NULL","NULL"
3044,106,498,"ROWP_87139_01","ROWP S.C. Apa Serv Valea Jiului S.A. Petrosani-Uricani",111,"NULL",7561,False,False,False,False,"No",128,"NULL","NULL"
3045,106,498,"ROWP_82617_01","ROWP Serviciul Public Turceni",111,"NULL",1769,False,False,False,False,"No",128,"NULL","NULL"
3046,106,498,"ROWP_80846_01","ROWP MATSALUBRIS S.R.L. Matasari",111,"NULL",3645,False,False,False,False,"No",128,"NULL","NULL"
3047,106,498,"ROWP_78141_01","ROWP S.C. ApaRegio Gorj S.A.-Motru",111,"NULL",17518,False,False,False,False,"No",128,"NULL","NULL"
3048,106,498,"ROWP_77812_02","ROWP S.C. Aparegio S.A Tg.Jiu - Dragutesti",111,"NULL",603,False,False,False,False,"No",128,"NULL","NULL"
3049,106,498,"ROWP_70878_01","ROWP Compania de Apa Oltenia S.A.-Bechet",111,"NULL",299,False,False,False,False,"No",128,"NULL","NULL"
3050,106,498,"ROWP_70414_01","ROWP Compania de Apa Oltenia S.A.-Filiasi",111,"NULL",6835,False,False,False,False,"No",128,"NULL","NULL"
3051,106,498,"ROWP_70352_01","ROWP Compania de Apa Oltenia S.A.-Calafat",111,"NULL",12530,False,False,False,False,"No",128,"NULL","NULL"
3052,106,498,"ROWP_109924_01","ROWP Primaria Baia de Arama",111,"NULL",850,False,False,False,False,"No",128,"NULL","NULL"
3053,106,498,"ROWP_109773_01","ROWP S.C. Secom S.A. Dr. Tr. Severin",111,"NULL",73049,False,False,False,False,"No",128,"NULL","NULL"
3054,106,498,"ROWP_110232_01","ROWP S.P.A.C. Vanju Mare",111,"NULL",301,False,False,False,False,"No",128,"NULL","NULL"
3055,106,498,"ROWP_69900_01","ROWP Compania de Apa Oltenia S.A. Craiova",111,"NULL",228901,False,False,False,False,"No",127,"NULL","NULL"
3056,106,498,"ROWP_78258_01","ROWP Serviciul Public Novaci",111,"NULL",1198,False,False,False,False,"No",128,"NULL","NULL"
3057,106,498,"ROWP_80506_01","ROWP Primaria Hurezani",111,"NULL",385,False,False,False,False,"No",128,"NULL","NULL"
3058,106,498,"ROWP_74750_01","ROWP Primaria Varvoru de Jos",111,"NULL",52,False,False,False,False,"No",128,"NULL","NULL"
3059,106,498,"ROWP_74750_01_01","ROWP Primaria Criva",111,"NULL",62,False,False,False,False,"No",128,"NULL","NULL"
3060,106,498,"ROWP_74750_02_01","ROWP Primaria Ciutura",111,"NULL",64,False,False,False,False,"No",128,"NULL","NULL"
3061,106,498,"ROWP_74750_03_01","ROWP Primaria Varvoru de Sus",111,"NULL",58,False,False,False,False,"No",128,"NULL","NULL"
3062,105,498,"ROWP_74750_04_01","ROWP Primaria Gabru",112,"NULL",0,False,False,False,False,"No",,"NULL","NULL"
3063,105,498,"ROWP_78604_01","ROWP Primaria Aninoasa",112,"NULL",0,False,False,False,False,"No",,"NULL","NULL"
3064,105,498,"ROWP_111783_01","ROWP Primaria Garla Mare",112,"NULL",0,False,False,False,False,"No",,"NULL","NULL"
3065,105,498,"ROWP_113493_01","ROWP Primaria Salcia",112,"NULL",0,False,False,False,False,"No",,"NULL","NULL"
3066,105,498,"ROWP_112548_01","ROWP Primaria Jiana",112,"NULL",0,False,False,False,False,"No",,"NULL","NULL"
3067,105,498,"ROWP_110535_01","ROWP Primaria Balacita",112,"NULL",0,False,False,False,False,"No",,"NULL","NULL"
3068,105,498,"ROWP_113233_01","ROWP Primaria Prunisor",112,"NULL",0,False,False,False,False,"No",,"NULL","NULL"
3069,105,498,"ROWP_113233_02","ROWP Primaria Prunisor",112,"NULL",0,False,False,False,False,"No",,"NULL","NULL"
3070,105,498,"ROWP_112995_01","ROWP Primaria Ponoarele",112,"NULL",0,False,False,False,False,"No",,"NULL","NULL"
3071,105,498,"ROWP_111685_01","ROWP Primaria Floresti",112,"NULL",0,False,False,False,False,"No",,"NULL","NULL"
3072,105,498,"ROWP_71643_01","ROWP Primaria Celaru",112,"NULL",0,False,False,False,False,"No",,"NULL","NULL"
3073,105,498,"ROWP_72677_01","ROWP Primaria Goiesti",112,"NULL",0,False,False,False,False,"No",,"NULL","NULL"
3074,105,498,"ROWP_70897_01","ROWP Primaria Bistret",112,"NULL",0,False,False,False,False,"No",,"NULL","NULL"
3075,105,498,"ROWP_70094_01","ROWP Primaria Isalnita",112,"NULL",0,False,False,False,False,"No",,"NULL","NULL"
3076,105,498,"ROWP_72819_01","ROWP Primaria Grecesti",112,"NULL",0,False,False,False,False,"No",,"NULL","NULL"
3077,105,498,"ROWP_73512_01","ROWP Primaria Orodel",112,"NULL",0,False,False,False,False,"No",,"NULL","NULL"
3078,105,498,"ROWP_73594_01","ROWP Primaria Perisor",112,"NULL",0,False,False,False,False,"No",,"NULL","NULL"
3079,105,498,"ROWP_73594_02","ROWP Primaria Perisor",112,"NULL",0,False,False,False,False,"No",,"NULL","NULL"
3080,105,498,"ROWP_74705_01","ROWP Primaria Verbita",112,"NULL",0,False,False,False,False,"No",,"NULL","NULL"
3081,105,498,"ROWP_82136_05_01","ROWP Primaria Stanesti",112,"NULL",0,False,False,False,False,"No",,"NULL","NULL"
3082,105,498,"ROWP_82136_06_01","ROWP Primaria Stanesti",112,"NULL",0,False,False,False,False,"No",,"NULL","NULL"
3083,105,498,"ROWP_81576_01","ROWP Primaria Runcu",112,"NULL",0,False,False,False,False,"No",,"NULL","NULL"
3084,105,498,"ROWP_80677_01","ROWP Primaria Lelesti",112,"NULL",0,False,False,False,False,"No",,"NULL","NULL"
3085,105,498,"ROWP_80677_01_01","ROWP Primaria Lelesti - Fratesti 1",112,"NULL",0,False,False,False,False,"No",,"NULL","NULL"
3086,105,498,"ROWP_80677_01_02","ROWP Primaria Lelesti - Fratesti 2",112,"NULL",0,False,False,False,False,"No",,"NULL","NULL"
3087,105,498,"ROWP_80677_02_01","ROWP Primaria Lelesti -Rasovita",112,"NULL",0,False,False,False,False,"No",,"NULL","NULL"
3088,105,498,"ROWP_80677_02_02","ROWP Primaria Lelesti -Rasovita",112,"NULL",0,False,False,False,False,"No",,"NULL","NULL"
3089,105,498,"ROWP_81816_01","ROWP Primaria Saulesti",112,"NULL",0,False,False,False,False,"No",,"NULL","NULL"
3090,105,498,"ROWP_81816_02","ROWP Primaria Saulesti - Bibesti",112,"NULL",0,False,False,False,False,"No",,"NULL","NULL"
3091,105,498,"ROWP_81816_02_01","ROWP Primaria Saulesti - Dolcesti",112,"NULL",0,False,False,False,False,"No",,"NULL","NULL"
3092,105,498,"ROWP_79834_01","ROWP Primaria Crasna",112,"NULL",0,False,False,False,False,"No",,"NULL","NULL"
3093,105,498,"ROWP_77812_01","ROWP S.C. Aparegio S.A Tg.Jiu",112,"NULL",49000,False,False,False,False,"No",,"NULL","NULL"
3094,106,498,"ROCO_82895_00","ROCO S.C. Rovego S.A. Rovinari",112,"NULL",10285,False,False,False,False,"No",,"NULL","NULL"
3095,106,498,"ROCO_82430_00","ROCO S.C. Stanjenelu SRL - Tismana",112,"NULL",132,False,False,False,False,"No",,"NULL","NULL"
3096,106,498,"ROCO_82314_00","ROCO Primaria Stoina",112,"NULL",290,False,False,False,False,"No",,"NULL","NULL"
3097,106,498,"ROCO_79406_00","ROCO Primaria Bustuchin",112,"NULL",86,False,False,False,False,"No",,"NULL","NULL"
3098,106,498,"ROCO_79308_00","ROCO S.C. ApaRegio Gorj S.A.-Bumbesti-Jiu",112,"NULL",4512,False,False,False,False,"No",,"NULL","NULL"
3099,106,498,"ROCO_79004_00","ROCO Serviciul Public Balteni",112,"NULL",394,False,False,False,False,"No",,"NULL","NULL"
3100,106,498,"ROCO_78454_00","ROCO S.C. ApaRegio Gorj S.A.-Ticleni",112,"NULL",1641,False,False,False,False,"No",,"NULL","NULL"
3101,106,498,"ROCO_78329_00","ROCO S.C. ApaRegio Gorj S.A.-Tg. Carbunesti",112,"NULL",3706,False,False,False,False,"No",,"NULL","NULL"
3102,106,498,"ROCO_73709_00","ROCO S.C.U.P. Plenita",112,"NULL",405,False,False,False,False,"No",,"NULL","NULL"
3103,106,498,"ROCO_70502_00","ROCO Compania de Apa Oltenia S.A.-Segarcea",112,"NULL",685,False,False,False,False,"No",,"NULL","NULL"
3104,106,498,"ROCO_70316_00","ROCO Compania de Apa Oltenia S.A.-Bailesti",112,"NULL",6187,False,False,False,False,"No",,"NULL","NULL"
3105,106,498,"ROCO_1103296_00","ROCO Primaria Bala",112,"NULL",600,False,False,False,False,"No",,"NULL","NULL"
3106,106,498,"ROCO_110116_00","ROCO S.C. Secom S.A. - Strehaia",112,"NULL",3324,False,False,False,False,"No",,"NULL","NULL"
3107,106,498,"ROCO_109826_00","ROCO Primaria Simian",112,"NULL",4139,False,False,False,False,"No",,"NULL","NULL"
3108,106,498,"RO5AR_53","ROWP SC COMPANIA DE APA   Arad st ep",111,"RO5AR_53",147939,False,False,False,False,"No",,"NULL","NULL"
3109,106,498,"RO7MS_55","ROWP COMPANIA AQUASERV SA TG.MURES",111,"RO7MS_55",144875,False,False,False,False,"No",,"NULL","NULL"
3110,106,498,"ROCO_10836_00","ROCO FELNAC",112,"NULL",27,False,False,False,False,"No",,"NULL","NULL"
3111,106,498,"ROCO_10863_00","ROCO ZADARENI",112,"NULL",135,False,False,False,False,"No",,"NULL","NULL"
3112,106,498,"ROCO_11405_00","ROCO Macea",112,"NULL",2634,False,False,False,False,"No",,"NULL","NULL"
3113,106,498,"ROCO_114364_00","ROCO CRISTESTI",112,"NULL",3960,False,False,False,False,"No",,"NULL","NULL"
3114,106,498,"ROCO_114391_00","ROCO SANCRAIU DE MURES",112,"NULL",0,False,False,False,False,"No",,"NULL","NULL"
3115,106,498,"ROCO_114426_00","ROCO SANGEORGIU DE MURES",112,"NULL",0,False,False,False,False,"No",,"NULL","NULL"
3116,106,498,"ROCO_114462_00","ROCO SANTANA DE MURES",112,"NULL",0,False,False,False,False,"No",,"NULL","NULL"
3117,106,498,"ROCO_114523_00","ROCO SC AQUASERV  SIGHISOARA ev dir",112,"NULL",0,False,False,False,False,"No",,"NULL","NULL"
3118,106,498,"ROCO_114818_00","ROCO SC Aquaserv SA Suc REGHIN ev dir",112,"NULL",0,False,False,False,False,"No",,"NULL","NULL"
3119,106,498,"ROCO_115584_00","ROCO Bagaciu",112,"NULL",41,False,False,False,False,"No",,"NULL","NULL"
3120,106,498,"ROCO_1160_00","ROCO SC APA CTTA   Fil. Apuseni SRL abrud",112,"NULL",3051,False,False,False,False,"No",,"NULL","NULL"
3121,106,498,"ROCO_116297_00","ROCO Craciunesti",112,"NULL",23,False,False,False,False,"No",,"NULL","NULL"
3122,106,498,"ROCO_116607_00","ROCO EREMITU",112,"NULL",27,False,False,False,False,"No",,"NULL","NULL"
3123,106,498,"ROCO_116876_00","ROCO GALESTI",112,"NULL",79,False,False,False,False,"No",,"NULL","NULL"
3124,106,498,"ROCO_117122_00","ROCO GLODENI",112,"NULL",81,False,False,False,False,"No",,"NULL","NULL"
3125,106,498,"ROCO_117934_00","ROCO Primaria Livezeni",112,"NULL",1113,False,False,False,False,"No",,"NULL","NULL"
3126,106,498,"ROCO_118101_00","ROCO MAGHERANI",112,"NULL",51,False,False,False,False,"No",,"NULL","NULL"
3127,106,498,"ROCO_118389_00","ROCO MIHESU DE CAMPIE",112,"NULL",31,False,False,False,False,"No",,"NULL","NULL"
3128,106,498,"ROCO_11851_00","ROCO SAVARSIN",112,"NULL",14,False,False,False,False,"No",,"NULL","NULL"
3129,106,498,"ROCO_119000_00","ROCO RICIU",112,"NULL",46,False,False,False,False,"No",,"NULL","NULL"
3130,106,498,"ROCO_119251_00","ROCO Sarmasu",112,"NULL",300,False,False,False,False,"No",,"NULL","NULL"
3131,106,498,"ROCO_119395_00","ROCO SANGER",112,"NULL",14,False,False,False,False,"No",,"NULL","NULL"
3132,106,498,"ROCO_119607_00","ROCO Primaria Solovastru",112,"NULL",848,False,False,False,False,"No",,"NULL","NULL"
3133,106,498,"ROCO_12215_00","ROCO SEITIN",112,"NULL",147,False,False,False,False,"No",,"NULL","NULL"
3134,106,498,"ROCO_143628_00","ROCO SC GOSPODARIE  COMUNALA SA  MEDIAS Gura Campului",112,"NULL",5420,False,False,False,False,"No",,"NULL","NULL"
3135,106,498,"ROCO_143815_00","ROCO DUMBRAVENI",112,"NULL",800,False,False,False,False,"No",,"NULL","NULL"
3136,106,498,"ROCO_143815_01","ROCO DUMBRAVENI canal 2",112,"NULL",0,False,False,False,False,"No",,"NULL","NULL"
3137,106,498,"ROCO_145612_00","ROCO SLIMNIC",112,"NULL",1285,False,False,False,False,"No",,"NULL","NULL"
3138,106,498,"ROCO_145676_00","ROCO SEICA MARE",112,"NULL",1802,False,False,False,False,"No",,"NULL","NULL"
3139,106,498,"ROCO_1464_00","ROCO SC APA CTTA   Fil. Apuseni SRL Campeni evac directa",112,"NULL",2409,False,False,False,False,"No",,"NULL","NULL"
3140,106,498,"ROCO_1883_00","ROCO SC APA CTTA SA Sebes ev dir",112,"NULL",15000,False,False,False,False,"No",,"NULL","NULL"
3141,106,498,"ROCO_1945_00","ROCO SC APA CTTA SA  - Fil. Alba Iulia SRL Zlatna",112,"NULL",1708,False,False,False,False,"No",,"NULL","NULL"
3142,106,498,"ROCO_2924_00","ROCO SC APA CTTA   Fil. Apuseni SRL  Baia de Aries",112,"NULL",831,False,False,False,False,"No",,"NULL","NULL"
3143,106,498,"ROCO_3048_00","ROCO BISTRA",112,"NULL",45,False,False,False,False,"No",,"NULL","NULL"
3144,106,498,"ROCO_3976_00","ROCO CRACIUNELU DE SUS",112,"NULL",11,False,False,False,False,"No",,"NULL","NULL"
3145,106,498,"ROCO_4151_00","ROCO CRICAU",112,"NULL",19,False,False,False,False,"No",,"NULL","NULL"
3146,106,498,"ROCO_5112_00","ROCO JIDVEI",112,"NULL",144,False,False,False,False,"No",,"NULL","NULL"
3147,106,498,"ROCO_5318_00","ROCO LUNCA MURESULUI",112,"NULL",72,False,False,False,False,"No",,"NULL","NULL"
3148,106,498,"ROCO_5345_00","ROCO LUPSA",112,"NULL",31,False,False,False,False,"No",,"NULL","NULL"
3149,106,498,"ROCO_55268_00","ROCO TURDA",112,"NULL",0,False,False,False,False,"No",,"NULL","NULL"
3150,106,498,"ROCO_55286_00","ROCO MIHAI VITEAZU",112,"NULL",0,False,False,False,False,"No",,"NULL","NULL"
3151,106,498,"ROCO_55320_00","ROCO SANDULESTI",112,"NULL",0,False,False,False,False,"No",,"NULL","NULL"
3152,106,498,"ROCO_56434_00","ROCO CALARASI",112,"NULL",243,False,False,False,False,"No",,"NULL","NULL"
3153,106,498,"ROCO_56853_00","ROCO CEANU MARE",112,"NULL",35,False,False,False,False,"No",,"NULL","NULL"
3154,106,498,"ROCO_58320_00","ROCO LUNA",112,"NULL",0,False,False,False,False,"No",,"NULL","NULL"
3155,105,498,"ROCO_5AR_53","ROCO SC COMPANIA DE APA   Arad Arad Nou",112,"NULL",0,False,False,False,False,"No",,"NULL","NULL"
3156,106,498,"ROCO_60071_00","ROCO VIISOARA",112,"NULL",0,False,False,False,False,"No",,"NULL","NULL"
3157,106,498,"ROCO_6770_00","ROCO ROSIA",112,"NULL",39,False,False,False,False,"No",,"NULL","NULL"
3158,106,498,"ROCO_7106_00","ROCO SASCIORI",112,"NULL",58,False,False,False,False,"No",,"NULL","NULL"
3159,106,498,"ROCO_7357_00","ROCO SANCEL",112,"NULL",14,False,False,False,False,"No",,"NULL","NULL"
3160,106,498,"ROCO_7455_00","ROCO SOHODOL",112,"NULL",16,False,False,False,False,"No",,"NULL","NULL"
3161,106,498,"ROCO_7874_00","ROCO SONA",112,"NULL",0,False,False,False,False,"No",,"NULL","NULL"
3162,106,498,"ROCO_8167_00","ROCO UNIREA",112,"NULL",2961,False,False,False,False,"No",,"NULL","NULL"
3163,105,498,"ROCO_83160_00","ROCO SC HARVIZ SA BRADESTI",111,"NULL",0,False,False,False,False,"No",,"NULL","NULL"
3164,106,498,"ROCO_83204_00","ROCO FELICIENI",112,"NULL",48,False,False,False,False,"No",,"NULL","NULL"
3165,106,498,"ROCO_84095_00","ROCO CIUMANI",112,"NULL",0,False,False,False,False,"No",,"NULL","NULL"
3166,105,498,"ROCO_84184_00","ROCO CORUND",112,"NULL",0,False,False,False,False,"No",,"NULL","NULL"
3167,106,498,"ROCO_84273_00","ROCO Dealu",112,"NULL",18,False,False,False,False,"No",,"NULL","NULL"
3168,106,498,"ROCO_84479_00","ROCO GALAUTAS",112,"NULL",4492,False,False,False,False,"No",,"NULL","NULL"
3169,105,498,"ROCO_84567_00","ROCO JOSENI",112,"NULL",0,False,False,False,False,"No",,"NULL","NULL"
3170,106,498,"ROCO_85537_00","ROCO SARMAS",112,"NULL",0,False,False,False,False,"No",,"NULL","NULL"
3171,106,498,"ROCO_85939_00","ROCO SUSENI",112,"NULL",2522,False,False,False,False,"No",,"NULL","NULL"
3172,105,498,"ROCO_86375_00","ROCO ZETEA",112,"NULL",0,False,False,False,False,"No",,"NULL","NULL"
3173,106,498,"ROCO_86696_00","ROCO SC APA PROD  SA  Deva",112,"NULL",58974,False,False,False,False,"No",,"NULL","NULL"
3174,106,498,"ROCO_86829_00","ROCO SC APA PROD  SA Suc Hunedoara Buituri canal direct",112,"NULL",0,False,False,False,False,"No",,"NULL","NULL"
3175,105,498,"ROCO_86892_00","ROCO GHELARI",112,"NULL",259,False,False,False,False,"No",,"NULL","NULL"
3176,106,498,"ROCO_86945_00","ROCO Teliucu Inferior",112,"NULL",202,False,False,False,False,"No",,"NULL","NULL"
3177,105,498,"ROCO_89259_00","ROCO SC APAPROD SA DEVA P.L. CERTEJ",112,"NULL",0,False,False,False,False,"No",,"NULL","NULL"
3178,105,498,"ROCO_89570_00","ROCO SC APA PROD  SA-Suc Geoagiu Bai",112,"NULL",0,False,False,False,False,"No",,"NULL","NULL"
3179,106,498,"ROCO_90547_00","ROCO PUI",112,"NULL",82,False,False,False,False,"No",,"NULL","NULL"
3180,106,498,"ROCO_91241_00","ROCO SANTAMARIA-ORLEA",112,"NULL",0,False,False,False,False,"No",,"NULL","NULL"
3181,106,498,"ROCO_9299_00","ROCO FANTANELE",112,"NULL",1071,False,False,False,False,"No",,"NULL","NULL"
3182,105,498,"ROCO_9501_00","ROCO CURTICI",112,"NULL",0,False,False,False,False,"No",,"NULL","NULL"
3183,106,498,"ROCO_9583_00","ROCO SC COMPANIA DE APA ARAD - Lipova ",112,"NULL",0,False,False,False,False,"No",,"NULL","NULL"
3184,106,498,"ROWP_1026_01","ROWP SC APA CTTA SA  - Fil. Alba Iulia SRL",111,"NULL",62265,False,False,False,False,"No",,"NULL","NULL"
3185,106,498,"ROWP_114523_01","ROWP SC AQUASERV SA  SIGHISOARA",111,"NULL",25575,False,False,False,False,"No",,"NULL","NULL"
3186,106,498,"ROWP_114818_01","ROWP SC Aquaserv SA Suc REGHIN ST EP",111,"NULL",29953,False,False,False,False,"No",,"NULL","NULL"
3187,106,498,"ROWP_114863_01","ROWP SC Serv. Teh. Comunale SOVATA",111,"NULL",5995,False,False,False,False,"No",,"NULL","NULL"
3188,106,498,"ROWP_114934_01","ROWP SC COMP AQUASERV SA SUC TARNAVENI",111,"NULL",19472,False,False,False,False,"No",,"NULL","NULL"
3189,106,498,"ROWP_114989_00","ROWP PRIMARIA ACATARI",111,"NULL",142,False,False,False,False,"No",,"NULL","NULL"
3190,106,498,"ROWP_11593_01","ROWP SC COMPANIA DE APA ARAD  p.l. Pecica",111,"NULL",901,False,False,False,False,"No",,"NULL","NULL"
3191,106,498,"ROWP_116509_00","ROWP SNGN ROMGAZ SA MEDIAS SECTIA DANES",111,"NULL",511,False,False,False,False,"No",,"NULL","NULL"
3192,106,498,"ROWP_116554_00","ROWP C.L AL COMUNEI DEDA",111,"NULL",276,False,False,False,False,"No",,"NULL","NULL"
3193,106,498,"ROWP_116803_01","ROWP Primaria Fantanele",111,"NULL",563,False,False,False,False,"No",,"NULL","NULL"
3194,106,498,"ROWP_116992_00","ROWP COMUNA GHEORGHE DOJA",111,"NULL",20,False,False,False,False,"No",,"NULL","NULL"
3195,106,498,"ROWP_117186_01","ROWP Primaria Gornesti",111,"NULL",135,False,False,False,False,"No",,"NULL","NULL"
3196,106,498,"ROWP_117328_00","ROWP PRIMARIA COMUNEI GURGHIU",111,"NULL",438,False,False,False,False,"No",,"NULL","NULL"
3197,106,498,"ROWP_117836_01","ROWP compania AQUASERV SA SUC IERNUT",111,"NULL",3444,False,False,False,False,"No",,"NULL","NULL"
3198,106,498,"ROWP_118067_01","ROWP Primaria LUNCA BRADULUI",111,"NULL",989,False,False,False,False,"No",,"NULL","NULL"
3199,106,498,"ROWP_118290_01","ROWP Cons.Local MIERCUREA NIRAJ - Blocuri",111,"NULL",1772,False,False,False,False,"No",,"NULL","NULL"
3200,106,498,"ROWP_119340_01","ROWP SC Serv. Teh. Com SOVATA-Sector Sangiorg",111,"NULL",862,False,False,False,False,"No",,"NULL","NULL"
3201,106,498,"ROWP_119901_01","ROWP Primaria UNGHENI",111,"NULL",2814,False,False,False,False,"No",,"NULL","NULL"
3202,106,498,"ROWP_1222_01","ROWP SC APA CTTA  SA - Fil.Aiud SRL ",111,"NULL",10662,False,False,False,False,"No",,"NULL","NULL"
3203,106,498,"ROWP_1357_01","ROWP SC APA CTTA SA  Alba  - Fil.Blaj",111,"NULL",10693,False,False,False,False,"No",,"NULL","NULL"
3204,106,498,"ROWP_143628_01","ROWP SC APA TARNAVEI MARI SA  Medias st ep",111,"NULL",45420,False,False,False,False,"No",,"NULL","NULL"
3205,106,498,"ROWP_143860_00","ROWP APA CANAL SA OCNA SIBIULUI",111,"NULL",513,False,False,False,False,"No",,"NULL","NULL"
3206,106,498,"ROWP_1703_01","ROWP SC APA CTTA SA  - Fil.Cugir SRL",111,"NULL",12370,False,False,False,False,"No",,"NULL","NULL"
3207,106,498,"ROWP_1801_01","ROWP SC APA CTTA  SA  Fil Ocna. Mures SRL",111,"NULL",7065,False,False,False,False,"No",,"NULL","NULL"
3208,106,498,"ROWP_1883_01","ROWP SC APA CTTA SA SEBES",111,"NULL",25000,False,False,False,False,"No",,"NULL","NULL"
3209,106,498,"ROWP_4259_00","ROWP APA CTTA SUC SEBES Daia Romana",111,"NULL",666,False,False,False,False,"No",,"NULL","NULL"
3210,106,498,"ROWP_4375_00","ROWP Galda de Jos",111,"NULL",1330,False,False,False,False,"No",,"NULL","NULL"
3211,106,498,"ROWP_55366_01","ROWP COMPANIA DE APA ARIES CAMPIA TURZII",111,"NULL",79139,False,False,False,False,"No",,"NULL","NULL"
3212,106,498,"ROWP_55927_00","ROWP COMPANIA DE APA SOMES Statiunea Muntele Baisorii BAISOARA",111,"NULL",582,False,False,False,False,"No",,"NULL","NULL"
3213,106,498,"ROWP_55927_01","ROWP Compania de Apa Aries Cons Local BAISOARA",111,"NULL",0,False,False,False,False,"No",,"NULL","NULL"
3214,106,498,"ROWP_58017_00","ROWP COMUNA IARA",111,"NULL",506,False,False,False,False,"No",,"NULL","NULL"
3215,106,498,"ROWP_7393_00","ROWP COMUNA SANTIMBRU",111,"NULL",257,False,False,False,False,"No",,"NULL","NULL"
3216,106,498,"ROWP_8023_00","ROWP APA CTTA SUC SEBES COMUNA SUGAG",111,"NULL",872,False,False,False,False,"No",,"NULL","NULL"
3217,106,498,"ROWP_8103_01","ROWP SC APA CTTA SA  - Fil. Alba Iulia SRL teius",111,"NULL",874,False,False,False,False,"No",,"NULL","NULL"
3218,106,498,"ROWP_83142_01","ROWP SC AQUA NOVA HARGHITA SA Odorheiu Secuiesc",111,"NULL",31174,False,False,False,False,"No",,"NULL","NULL"
3219,106,498,"ROWP_83160_01","ROWP SC INSZER SRL ODORHEIU SECUIESC, BRADESTI",111,"NULL",1135,False,False,False,False,"No",,"NULL","NULL"
3220,106,498,"ROWP_83534_01","ROWP SC Aquaserv SA CRISTURU-SECUIESC",111,"NULL",6817,False,False,False,False,"No",,"NULL","NULL"
3221,106,498,"ROWP_83570_01","ROWP S.C. GO S.A. GHEORGHENI",111,"NULL",10773,False,False,False,False,"No",,"NULL","NULL"
3222,106,498,"ROWP_83641_01","ROWP  AQUA CALIMANI SRL - TOPLITA",111,"NULL",10767,False,False,False,False,"No",,"NULL","NULL"
3223,106,498,"ROWP_84184_01","ROWP C.L. CORUND",111,"NULL",3241,False,False,False,False,"No",,"NULL","NULL"
3224,106,498,"ROWP_84567_01","ROWP Consiliul Local JOSENI",111,"NULL",4539,False,False,False,False,"No",,"NULL","NULL"
3225,106,498,"ROWP_84834_00","ROWP COMUNA LUPENI",111,"NULL",1345,False,False,False,False,"No",,"NULL","NULL"
3226,106,498,"ROWP_85350_01","ROWP AQUANOVA HARGHITA Sector Praid",111,"NULL",2414,False,False,False,False,"No",,"NULL","NULL"
3227,105,498,"ROWP_85350_02","ROWP C.L. al comunei Praid",111,"NULL",0,False,False,False,False,"No",,"NULL","NULL"
3228,106,498,"ROWP_85421_00","ROWP SC REDISZA SA REMETEA",111,"NULL",2408,False,False,False,False,"No",,"NULL","NULL"
3229,106,498,"ROWP_86348_01","ROWP SC APASERV TOTAL SRL VOSLOBENI",111,"NULL",226,False,False,False,False,"No",,"NULL","NULL"
3230,106,498,"ROWP_86375_01","ROWP SC GOSCOM   ZETEA SRL",111,"NULL",2627,False,False,False,False,"No",,"NULL","NULL"
3231,105,498,"ROWP_86696_01","ROWP SC APA PROD  SA  Deva",112,"NULL",0,False,False,False,False,"No",,"NULL","NULL"
3232,106,498,"ROWP_86829_01","ROWP SC APA PROD  SA Suc Hunedoara Buituri",111,"NULL",43950,False,False,False,False,"No",,"NULL","NULL"
3233,106,498,"ROWP_86829_02","ROWP SC APA PROD  SA  Hunedoara Santuhalm",111,"NULL",9000,True,True,True,False,"No",,"NULL","NULL"
3234,106,498,"ROWP_86892_01","ROWP C.L. AL COMUNEI GHELARI S.P.A.A.C",111,"NULL",689,False,False,False,False,"No",,"NULL","NULL"
3235,106,498,"ROWP_86945_01","ROWP Primaria Teliucu Inferior",111,"NULL",515,False,False,False,False,"No",,"NULL","NULL"
3236,106,498,"ROWP_87433_00","ROWP SC APA PROD  SA - Suc Calan (oras nou)",111,"NULL",5000,False,False,False,False,"No",,"NULL","NULL"
3237,106,498,"ROWP_87433_01","ROWP SC APA PROD  SA - Suc Calan (Bai)",111,"NULL",0,False,False,False,False,"No",,"NULL","NULL"
3238,106,498,"ROWP_87585_01","ROWP SC APA PROD  SA Suc Hateg",111,"NULL",9131,False,False,False,False,"No",,"NULL","NULL"
3239,106,498,"ROWP_87647_01","ROWP S.C.ACTIVITATEA GOSCOM S.A.",111,"NULL",16040,False,False,False,False,"No",,"NULL","NULL"
3240,106,498,"ROWP_87674_01","ROWP SC APA PROD  SA - Suc Simeria",111,"NULL",9611,False,False,False,False,"No",,"NULL","NULL"
3241,106,498,"ROWP_88001_00","ROWP PRIMARIA  BARU ",111,"NULL",944,False,False,False,False,"No",,"NULL","NULL"
3242,106,498,"ROWP_8835_00","ROWP APA CTTA SA P.L. VINTU DE JOS",111,"NULL",550,False,False,False,False,"No",,"NULL","NULL"
3243,106,498,"ROWP_88653_00","ROWP APA PROD SA CO HATEG P.L. BRETEA ROMANA",111,"NULL",549,False,False,False,False,"No",,"NULL","NULL"
3244,106,498,"ROWP_89259_01","ROWP SC APAPROD SA DEVA P.L. CERTEJ",111,"NULL",782,False,False,False,False,"No",,"NULL","NULL"
3245,106,498,"ROWP_89437_01","ROWP Dobra",111,"NULL",268,False,False,False,False,"No",,"NULL","NULL"
3246,106,498,"ROWP_89570_01","ROWP SC APA PROD  SA-Suc Geoagiu",111,"NULL",542,False,False,False,False,"No",,"NULL","NULL"
3247,106,498,"ROWP_89570_02","ROWP SC APA PROD  SA-Suc Geoagiu Bai",111,"NULL",0,False,False,False,False,"No",,"NULL","NULL"
3248,106,498,"ROWP_89865_01","ROWP SC APA PROD  SA - evacuare Ilia",111,"NULL",1025,False,False,False,False,"No",,"NULL","NULL"
3249,105,498,"ROWP_9404_01","ROWP SC COMPANIA DE APA ARAD VLADIMIRESCU",112,"NULL",0,False,False,False,False,"No",,"NULL","NULL"
3250,106,498,"ROWP_9501_01","ROWP SC COMPANIA DE APA   St de epuare Oras Curtici ",111,"NULL",2161,False,False,False,False,"No",,"NULL","NULL"
3251,106,498,"ROWP_9583_01","ROWP SC COMPANIA DE APA ARAD - Lipova st ep",111,"NULL",8766,False,False,False,False,"No",,"NULL","NULL"
3252,106,498,"ROWP_9636_01","ROWP COMPANIA DE APA ARAD SA  Nadlac",111,"NULL",814,False,False,False,False,"No",,"NULL","NULL"
3253,106,498,"ROWPI_114729_01","ROWPI S.C. ZAHARUL S.A Ludus",111,"NULL",6838,False,False,False,False,"No",,"NULL","NULL"
3254,106,498,"ROWPI_143780_01","ROWPI SC SOMETRA SA",111,"NULL",3350,False,False,False,False,"No",,"NULL","NULL"
3255,106,498,"ROWP_83339_01","ROWP SC HARVIZ SA Miercurea Ciuc",111,"NULL",40876,False,False,False,False,"No",0,"121","NULL"
3256,106,498,"ROWP_83473_01","ROWP Serviciul Public Apa, Canal si Salubritate Balan",111,"NULL",4770,False,False,False,False,"No",0,"120","NULL"
3257,106,498,"ROWP_83758_01","ROWP SC HARVIZ SA - sector Vlahita",111,"NULL",3192,False,False,False,False,"No",0,"121","NULL"
3258,106,498,"ROWP_84424_01","ROWP SC HARVIZ SA - sector Frumoasa",111,"NULL",1562,False,False,False,False,"No",0,"120","NULL"
3259,106,498,"ROWP_83437_01","ROWP GOSPODARIE COMUNALA Baile Tusnad",111,"NULL",1238,False,False,False,False,"No",0,"121","NULL"
3260,106,498,"ROWP_63401_01","ROWP SC GOSPODARIE COMUNALA SA Sf.Gheorghe",111,"NULL",47546,False,False,False,False,"No",0,"120","NULL"
3261,106,498,"ROWP_63759_01","ROWP SC GOS COM SA Centrul Regional Tg.Secuiesc statia I",111,"NULL",7962,False,False,False,False,"No",0,"120","NULL"
3262,106,498,"ROWP_63759_02","ROWP SC GOS COM SA Centrul Regional Tg.Secuiesc statia II",111,"NULL",6776,False,False,False,False,"No",0,"120","NULL"
3263,106,498,"ROWP_63535_01","ROWP SC GOS COM SA Centrul Regional Covasna",111,"NULL",6464,False,False,False,False,"No",0,"120","NULL"
3264,106,498,"ROWP_63456_01","ROWP Primaria Baraolt- Serviciul Public de Alimentare si Canalizare",111,"NULL",3037,False,False,False,False,"No",0,"121","NULL"
3265,106,498,"ROWP_64103_01","ROWP Primaria Bretcu",111,"NULL",592,False,False,False,False,"No",0,"120","NULL"
3266,106,498,"ROWP_64354_01","ROWP SC TRICOMSERV SRL Ghidfalau",111,"NULL",116,False,False,False,False,"No",0,"120","NULL"
3267,106,498,"ROWP_64648_01","ROWP CONSILIUL LOCAL Ozun",111,"NULL",998,False,False,False,False,"No",0,"120","NULL"
3268,106,498,"RO7BV_511","ROWP SC COMPANIA APA SA Brasov",111,"RO7BV_511",424728,False,False,False,False,"No",0,"120","NULL"
3269,106,498,"ROWP_40287_01","ROWP SC APA CANAL SA Sibiu- Sucursala ExploatareFagaras",111,"NULL",11481,False,False,False,False,"No",0,"120","NULL"
3270,106,498,"ROWP_40250_01","ROWP SC SERVICII DE GOSP. SRL Magura Codlei",111,"NULL",8132,False,False,False,False,"No",0,"120","NULL"
3271,106,498,"ROWP_40508_01","ROWP SC MORANI IMPEX SRL Zarnesti",111,"NULL",14148,False,False,False,False,"No",0,"121","NULL"
3272,106,498,"ROWP_40474_01","ROWP SC CARMOLIMP SRL Ucea de Jos (Victoria)",111,"NULL",7386,False,False,False,False,"No",0,"120","NULL"
3273,106,498,"ROWP_40312_01","ROWP SC APEVITA SA Predeal",111,"NULL",3887,False,False,False,False,"No",0,"121","NULL"
3274,106,498,"ROWP_40964_01","ROWP Primaria Feldioara",111,"NULL",923,False,False,False,False,"No",0,"120","NULL"
3275,106,498,"ROWP_41186_01","ROWP SC COMPANIA APA SA Brasov- sector Hoghiz",111,"NULL",851,False,False,False,False,"No",0,"120","NULL"
3276,106,498,"RO7SB_51","ROWP SC APA CANAL SA Sibiu",111,"RO7SB_51",145436,False,False,False,False,"No",0,"120","NULL"
3277,106,498,"ROWP_144063_01","ROWP SC APA CANAL SA Sibiu- sector Avrig",111,"NULL",9412,False,False,False,False,"No",0,"120","NULL"
3278,106,498,"ROWP_145836_01","ROWP SC APA CANAL SA Sibiu- sector Talmaciu",111,"NULL",1643,False,False,False,False,"No",0,"121","NULL"
3279,106,498,"ROWP_143469_01","ROWP SC APA CANAL SA Sibiu- sector Cristian",111,"NULL",2932,False,False,False,False,"No",0,"121","NULL"
3280,106,498,"ROWP_145809_01","ROWP SC APA CANAL SA Sibiu- sector Sura Mica",111,"NULL",1483,False,False,False,False,"No",0,"120","NULL"
3281,106,498,"ROWP_145211_01","ROWP Primaria Orlat",111,"NULL",2564,False,False,False,False,"No",0,"120","NULL"
3282,106,498,"ROWP_145943_01","ROWP Primaria Turnu Rosu",111,"NULL",1462,False,False,False,False,"No",0,"121","NULL"
3283,106,498,"ROWP_145480_01","ROWP Primaria Sadu",111,"NULL",1963,False,False,False,False,"No",0,"121","NULL"
3284,106,498,"ROWP_144606_01","ROWP Primaria Gura Raului",111,"NULL",2390,False,False,False,False,"No",0,"121","NULL"
3285,106,498,"ROWP_145505_01","ROWP Primaria Saliste",111,"NULL",1596,False,False,False,False,"No",0,"120","NULL"
3286,106,498,"ROWP_145845_01","ROWP Primaria Boita",111,"NULL",1095,False,False,False,False,"No",0,"120","NULL"
3287,106,498,"ROWP_144517_01","ROWP Primaria Carta",111,"NULL",647,False,False,False,False,"No",0,"120","NULL"
3288,106,498,"ROWP_167482_01","ROWP SC APAVIL SA Rm.Valcea",111,"NULL",90712,False,False,False,False,"No",0,"120","NULL"
3289,106,498,"ROWP_167990_01","ROWP SC APAVIL SA Dragasani",111,"NULL",11812,False,False,False,False,"No",0,"120","NULL"
3290,106,498,"ROWP_168381_01","ROWP SC APAVIL SA Babeni",111,"NULL",1286,False,False,False,False,"No",0,"120","NULL"
3291,106,498,"ROWP_167918_01","ROWP SC APAVIL SA Calimanesti",111,"NULL",3735,False,False,False,False,"No",0,"120","NULL"
3292,106,498,"ROWP_167801_01","ROWP SC APAVIL SA Brezoi",111,"NULL",2281,False,False,False,False,"No",0,"121","NULL"
3293,106,498,"ROWP_168050_01","ROWP SC APAVIL SA Horezu",111,"NULL",839,False,False,False,False,"No",0,"120","NULL"
3294,106,498,"ROWP_167758_01","ROWP SC APAVIL SA Olanesti",111,"NULL",1800,False,False,False,False,"No",0,"120","NULL"
3295,106,498,"ROWP_168461_01","ROWP SC APAVIL SA Balcesti",111,"NULL",517,False,False,False,False,"No",0,"120","NULL"
3296,106,498,"ROWP_168979_01","ROWP SC APAVIL SA Bunesti",111,"NULL",560,False,False,False,False,"No",0,"120","NULL"
3297,106,498,"ROWP_171361_01","ROWP SC APAVIL SA Baile Govora",111,"NULL",2082,False,False,False,False,"No",0,"120","NULL"
3298,106,498,"ROWP_172901_01","ROWP SC APAVIL SA Salatrucel",111,"NULL",595,False,False,False,False,"No",0,"120","NULL"
3299,106,498,"ROWP_173695_01","ROWP SC APAVIL SA Sirineasa",111,"NULL",146,False,False,False,False,"No",0,"120","NULL"
3300,106,498,"ROWP_174030_01","ROWP SC APAVIL SA Vaideeni",111,"NULL",129,False,False,False,False,"No",0,"120","NULL"
3301,106,498,"ROWP_174165_01","ROWP SC APAVIL SA Vladesti",111,"NULL",502,False,False,False,False,"No",0,"120","NULL"
3302,106,498,"ROWP_168611_01","ROWP SC SACET PROD SRL Berbesti",111,"NULL",405,False,False,False,False,"No",0,"120","NULL"
3303,106,498,"ROWP_168577_01","ROWP Primaria Barbatesti",111,"NULL",265,False,False,False,False,"No",0,"120","NULL"
3304,106,498,"ROWP_169262_01","ROWP Primaria Costesti",111,"NULL",226,False,False,False,False,"No",0,"120","NULL"
3305,106,498,"ROWP_170355_01","ROWP Primaria Gradistea",111,"NULL",154,False,False,False,False,"No",0,"120","NULL"
3306,106,498,"ROWP_174307_01","ROWP Primaria Zatreni",111,"NULL",132,False,False,False,False,"No",0,"120","NULL"
3307,106,498,"ROWP_171888_01","ROWP Primaria Orlesti",111,"NULL",333,False,False,False,False,"No",0,"120","NULL"
3308,106,498,"ROWP_170694_01","ROWP Primaria Ladesti",111,"NULL",143,False,False,False,False,"No",0,"121","NULL"
3309,106,498,"ROWP_168238_01","ROWP SC GOSPODARIRE COMUNALA SRL Alunu",111,"NULL",36,False,False,False,False,"No",0,"120","NULL"
3310,106,498,"ROWP_174094_01","ROWP S.P.G.C. Valea Mare",111,"NULL",392,False,False,False,False,"No",0,"120","NULL"
3311,106,498,"ROWP_172590_01","ROWP Primaria Roiesti ",111,"NULL",568,False,False,False,False,"No",0,"120","NULL"
3312,106,498,"ROWP_81399_01","ROWP Primaria Polovragi",111,"NULL",141,False,False,False,False,"No",0,"120","NULL"
3313,106,498,"ROWP_125356_01","ROWP SC COMPANIA APA OLT - Slatina",111,"NULL",53976,False,False,False,False,"No",0,"120","NULL"
3314,106,498,"ROWP_125481_01","ROWP SC IGO SA Caracal",111,"NULL",27240,False,False,False,False,"No",0,"120","NULL"
3315,106,498,"ROWP_125427_01","ROWP SC AQUA TRANS SA Bals",111,"NULL",11911,False,False,False,False,"No",0,"120","NULL"
3316,106,498,"ROWP_125551_01","ROWP SC Utilitati Publice SRL Corabia",111,"NULL",10298,False,False,False,False,"No",0,"120","NULL"
3317,106,498,"ROWP_125882_01","ROWP SC EUROPEAN TRANSSARU SRL Bobicesti, Bobicesti",111,"NULL",133,False,False,False,False,"No",0,"120","NULL"
3318,106,498,"ROWP_125882_02","ROWP Primaria Bobocesti, Mirila, Belgun, Leotesti",111,"NULL",165,False,False,False,False,"No",0,"120","NULL"
3319,106,498,"ROWP_126683_01","ROWP Primaria Dobretu",111,"NULL",282,False,False,False,False,"No",0,"120","NULL"
3320,106,498,"ROWP_128016_01","ROWP Primaria Osica de Sus, Vladuleni",111,"NULL",2660,False,False,False,False,"No",0,"NULL","NULL"
3321,106,498,"ROCO_83972_00","ROCO Capalnita",112,"NULL",66,False,False,False,False,"No",0,"NULL","NULL"
3322,106,498,"ROCO_85797_00","ROCO Sanmartin",112,"NULL",209,False,False,False,False,"No",0,"NULL","NULL"
3323,106,498,"ROCO_64434_00","ROCO Ilieni",112,"NULL",22,False,False,False,False,"No",0,"NULL","NULL"
3324,105,498,"ROCO_64513_00","ROCO Micfalau",112,"NULL",0,False,False,False,False,"No",0,"NULL","NULL"
3325,106,498,"ROCO_63900_00","ROCO Bodoc",112,"NULL",115,False,False,False,False,"No",0,"NULL","NULL"
3326,106,498,"ROCO_7BV_511","ROCO SC Compania SA Brasov",112,"NULL",117129,False,False,False,False,"No",0,"NULL","NULL"
3327,106,498,"ROCO_40287_00","ROCO SC APA CANAL SA Sibiu-Sucursala Fagaras",112,"NULL",29850,False,False,False,False,"No",0,"NULL","NULL"
3328,105,498,"ROCO_40447_00","ROCO Sacele",112,"NULL",26441,False,False,False,False,"No",0,"NULL","NULL"
3329,106,498,"ROCO_40250_00","ROCO Codlea",112,"NULL",14293,False,False,False,False,"No",0,"NULL","NULL"
3330,106,498,"ROCO_40376_00","ROCO Rasnov",112,"NULL",13520,False,False,False,False,"No",0,"NULL","NULL"
3331,106,498,"ROCO_40223_00","ROCO Ghimbav",112,"NULL",4040,False,False,False,False,"No",0,"NULL","NULL"
3332,106,498,"ROCO_40615_00","ROCO Bod",112,"NULL",1957,False,False,False,False,"No",0,"NULL","NULL"
3333,106,498,"ROCO_40401_00","ROCO Rupea",112,"NULL",4163,False,False,False,False,"No",0,"NULL","NULL"
3334,106,498,"ROCO_41676_00","ROCO Prejmer",112,"NULL",339,False,False,False,False,"No",0,"NULL","NULL"
3335,106,498,"ROCO_41097_00","ROCO Harman",112,"NULL",3943,False,False,False,False,"No",0,"NULL","NULL"
3336,106,498,"ROCO_41934_00","ROCO Sanpetru",112,"NULL",3239,False,False,False,False,"No",0,"NULL","NULL"
3337,105,498,"ROCO_41685_00","ROCO Lunca Calnicului",112,"NULL",0,False,False,False,False,"No",0,"NULL","NULL"
3338,106,498,"ROCO_41042_00","ROCO Halchiu",112,"NULL",1819,False,False,False,False,"No",0,"NULL","NULL"
3339,105,498,"ROCO_41710_00","ROCO Racos",112,"NULL",0,False,False,False,False,"No",0,"NULL","NULL"
3340,106,498,"ROCO_143744_00","ROCO SC APA CANAL Sibiu SA Sector Cisnadie",112,"NULL",13146,False,False,False,False,"No",0,"NULL","NULL"
3341,106,498,"ROCO_143691_00","ROCO SC APA Tarnavei Mari SA -Sector Agnita",112,"NULL",8383,False,False,False,False,"No",0,"NULL","NULL"
3342,105,498,"ROCO_143566_00","ROCO Selimbar",112,"NULL",4021,False,False,False,False,"No",0,"NULL","NULL"
3343,106,498,"ROCO_145774_00","ROCO Sura Mare",112,"NULL",2379,False,False,False,False,"No",0,"NULL","NULL"
3344,106,498,"ROCO_173757_00","ROCO Stefanesti",112,"NULL",585,False,False,False,False,"No",0,"NULL","NULL"
3345,106,498,"ROCO_168130_00","ROCO Ocnele Mari",112,"NULL",166,False,False,False,False,"No",0,"NULL","NULL"
3346,106,498,"ROCO_169654_00","ROCO Fauresti",112,"NULL",156,False,False,False,False,"No",0,"NULL","NULL"
3347,106,498,"ROCO_170792_00","ROCO Lapusata",112,"NULL",258,False,False,False,False,"No",0,"NULL","NULL"
3348,106,498,"ROCO_78551_00","ROCO Alimpesti",112,"NULL",297,False,False,False,False,"No",0,"NULL","NULL"
3349,105,498,"ROCO_125356_00","ROCO SC Compania Apa Olt Slatina",112,"NULL",0,False,False,False,False,"No",0,"NULL","NULL"
3350,106,498,"ROCO_125631_00","ROCO Draganesti Olt",112,"NULL",4730,False,False,False,False,"No",0,"NULL","NULL"
3351,106,498,"ROCO_128114_00","ROCO SC Apa Olt Piatra Olt",112,"NULL",765,False,False,False,False,"No",0,"NULL","NULL"
3352,106,498,"ROCO_129148_00","ROCO Strejesti",112,"NULL",194,False,False,False,False,"No",0,"NULL","NULL"
3353,106,498,"ROCO_128230_00","ROCO Plesoiu",112,"NULL",342,False,False,False,False,"No",0,"NULL","NULL"
3354,106,498,"ROCO_125383_00","ROCO Slatioara",112,"NULL",517,False,False,False,False,"No",0,"NULL","NULL"
3355,105,498,"ROCO_128016_00","ROCO Osica de Sus",112,"NULL",0,False,False,False,False,"No",0,"NULL","NULL"
3356,105,498,"ROCO_64103_00","ROCO Bretcu",112,"NULL",0,False,False,False,False,"No",0,"NULL","NULL"
3357,105,498,"ROCO_145505_00","ROCO Saliste",112,"NULL",0,False,False,False,False,"No",0,"NULL","NULL"
3358,105,498,"ROCO_168639_00","ROCO Berbesti",112,"NULL",0,False,False,False,False,"No",0,"NULL","NULL"
3359,105,498,"ROCO_172901_00","ROCO Salatrucel ",112,"NULL",0,False,False,False,False,"No",0,"NULL","NULL"
3360,106,498,"ROWP_99780_01","ROWP TIBANESTI",111,"NULL",245,False,False,False,False,"No",128,"NULL","NULL"
3361,106,498,"ROWP_98685_01","ROWP RADUCANENI",111,"NULL",915,False,False,False,False,"No",128,"NULL","NULL"
3362,106,498,"ROCO_98685_00","ROCO RADUCANENI",112,"NULL",4812,False,False,False,False,"No",128,"NULL","NULL"
3363,106,498,"ROWP_98382_01","ROWP PD.ILOAIEI",111,"NULL",2534,False,False,False,False,"No",128,"NULL","NULL"
3364,106,498,"ROWP_95881_01","ROWP BELCESTI",111,"NULL",320,False,False,False,False,"No",128,"NULL","NULL"
3365,106,498,"ROWP_95471_01","ROWP TG.FRUMOS",111,"NULL",7346,False,False,False,False,"No",128,"NULL","NULL"
3366,106,498,"ROWP_95364_01","ROWP HARLAU",111,"NULL",12966,False,False,False,False,"No",128,"NULL","NULL"
3367,106,498,"ROWP_77153_01","ROWP SCHELA",111,"NULL",106,False,False,False,False,"No",128,"NULL","NULL"
3368,106,498,"ROWP_76558_01","ROWP GRIVITA",111,"NULL",60,False,False,False,False,"No",128,"NULL","NULL"
3369,106,498,"ROWP_76166_01","ROWP CUDALBI",111,"NULL",613,False,False,False,False,"No",128,"NULL","NULL"
3370,106,498,"ROWP_75481_01","ROWP TG BUJOR",111,"NULL",1034,False,False,False,False,"No",128,"NULL","NULL"
3371,106,498,"ROWP_75347_01","ROWP BERESTI",111,"NULL",678,False,False,False,False,"No",128,"NULL","NULL"
3372,106,498,"ROWP_75212_01","ROWP TECUCI",111,"NULL",13803,False,False,False,False,"No",128,"NULL","NULL"
3373,106,498,"ROCO_75212_02","ROCO TECUCI SPITAL",112,"NULL",474,False,False,False,False,"No",128,"NULL","NULL"
3374,106,498,"ROCO_75212_03","ROCO TECUCI ZONA IND",112,"NULL",354,False,False,False,False,"No",128,"NULL","NULL"
3375,106,498,"ROCO_75212_04","ROCO TECUCI DIM. HARLESCU",112,"NULL",709,False,False,False,False,"No",128,"NULL","NULL"
3376,106,498,"ROCO_75212_05","ROCO TECUCI ELENA D.MAL STANG",112,"NULL",827,False,False,False,False,"No",128,"NULL","NULL"
3377,106,498,"ROWP_38063_01","ROWP MIHAI EMINESCU",111,"NULL",72,False,False,False,False,"No",128,"NULL","NULL"
3378,106,498,"ROWP_36079_01","ROWP SAVENI",111,"NULL",2309,False,False,False,False,"No",128,"NULL","NULL"
3379,106,498,"ROWP_36015_01","ROWP DOROHOI",111,"NULL",18258,False,False,False,False,"No",128,"NULL","NULL"
3380,106,498,"ROWP_35955_01","ROWP DARABANI",111,"NULL",2348,False,False,False,False,"No",128,"NULL","NULL"
3381,106,498,"ROWP_35740_01","ROWP RACHITI BOTOSANI",111,"RO1BT_511",103042,False,False,False,False,"No",128,"NULL","NULL"
3382,105,498,"ROWP_24524_01","ROWP PODU TURCULUI",112,"NULL",0,False,False,False,False,"No",128,"NULL","NULL"
3383,106,498,"ROWP_164981_01","ROWP MURGENI",111,"NULL",582,False,False,False,False,"No",128,"NULL","NULL"
3384,106,498,"ROWP_163832_01","ROWP FALCIU",111,"NULL",249,False,False,False,False,"No",128,"NULL","NULL"
3385,106,498,"ROWP_161954_01","ROWP VASLUI",111,"RO1VS_52",33966,False,False,False,False,"No",128,"NULL","NULL"
3386,106,498,"ROWP_161865_01","ROWP NEGRESTI",111,"NULL",2678,False,False,False,False,"No",128,"NULL","NULL"
3387,106,498,"ROCO_161865_01","ROCO NEGRESTI Evac am Pod Rutier",112,"NULL",223,False,False,False,False,"",,"NULL","NULL"
3388,106,498,"ROCO_161865_02","ROCO NEGRESTI Evac St Tratare",112,"NULL",148,False,False,False,False,"",,"NULL","NULL"
3389,106,498,"ROWP_161838_01","ROWP HUSI",111,"NULL",18649,False,False,False,False,"No",128,"NULL","NULL"
3390,106,498,"ROWP_161801_01","ROWP BARLAD",111,"NULL",38466,False,False,False,False,"No",128,"NULL","NULL"
3391,106,498,"ROWP_100148_01","ROWP VLADENI",111,"NULL",1500,False,False,False,False,"No",128,"NULL","NULL"
3392,106,498,"ROCO_95293_00","ROCO TOMESTI",112,"NULL",1230,False,False,False,False,"No",128,"NULL","NULL"
3393,106,498,"ROCO_95159_00","ROCO HOLBOCA",112,"NULL",1000,False,False,False,False,"No",128,"NULL","NULL"
3394,106,498,"ROCO_77064_00","ROCO LIESTI",112,"NULL",1246,False,False,False,False,"No",128,"NULL","NULL"
3395,106,498,"ROCO_76978_00","ROCO PECHEA",112,"NULL",548,False,False,False,False,"No",128,"NULL","NULL"
3396,106,498,"ROCO_76601_00","ROCO IVESTI",112,"NULL",139,False,False,False,False,"No",128,"NULL","NULL"
3397,106,498,"ROCO_76585_00","ROCO INDEPENDENTA",112,"NULL",58,False,False,False,False,"No",128,"NULL","NULL"
3398,105,498,"ROCO_76415_00","ROCO GHIDIGENI",112,"NULL",0,False,False,False,False,"No",128,"NULL","NULL"
3399,106,498,"ROCO_75668_00","ROCO BALENI",112,"NULL",625,False,False,False,False,"No",128,"NULL","NULL"
3400,106,498,"ROWP_75105_01","ROWP GALATI",111,"RO2GL_51",127480,False,False,False,False,"No",128,"NULL","NULL"
3401,106,498,"ROCO_75105_01","ROCO COL Barbosi GALATI",112,"NULL",75000,False,False,False,False,"",,"NULL","NULL"
3402,106,498,"ROCO_75105_02","ROCO COL SP 3 GALATI",112,"NULL",25000,False,False,False,False,"",,"NULL","NULL"
3403,106,498,"ROWP_39328_01","ROWP TRUSESTI",111,"NULL",621,False,False,False,False,"No",128,"NULL","NULL"
3404,106,498,"ROCO_39168_00","ROCO STEFANESTI",112,"NULL",298,False,False,False,False,"No",128,"NULL","NULL"
3405,106,498,"ROCO_37299_00","ROCO FLAMANZI",112,"NULL",2598,False,False,False,False,"No",128,"NULL","NULL"
3406,105,498,"ROCO_37057_00","ROCO DANGENI",112,"NULL",0,False,False,False,False,"No",128,"NULL","NULL"
3407,105,498,"ROCO_38740_00","ROCO RIPICENI",112,"NULL",0,False,False,False,False,"No",128,"NULL","NULL"
3408,105,498,"ROCO_35740_00","ROCO SP TULBURENI BOTOSANI",112,"NULL",0,False,False,False,False,"No",128,"NULL","NULL"
3409,106,498,"ROCO_24524_00","ROCO PODU TURCULUI",112,"NULL",1510,False,False,False,False,"No",128,"NULL","NULL"
3410,106,498,"ROWP_164936_01","ROWP MUNTENII DE JOS",111,"NULL",100,False,False,False,False,"No",128,"NULL","NULL"
3411,106,498,"ROCO_164543_00","ROCO IVESTI",112,"NULL",42,False,False,False,False,"No",128,"NULL","NULL"
3412,106,498,"ROCO_163002_00","ROCO CODAIESTI",112,"NULL",81,False,False,False,False,"No",128,"NULL","NULL"
3413,105,498,"ROCO_161954_00","ROCO VASLUI",112,"NULL",0,False,False,False,False,"No",128,"NULL","NULL"
3414,105,498,"ROCO_161801_00","ROCO BARLAD",112,"NULL",0,False,False,False,False,"No",128,"NULL","NULL"
3415,106,498,"RO1IS_51","ROWP DANCU IASI",111,"RO1IS_51",245826,False,False,False,False,"No",128,"NULL","NULL"
3416,105,498,"ROWP_36499_01","ROWP CALARASI",112,"NULL",0,False,False,False,False,"No",128,"NULL","NULL"
3417,106,498,"ROWP_36569_01","ROWP CERBU",111,"NULL",129,False,False,False,False,"No",128,"NULL","NULL"
3418,105,498,"ROWP_36532_01","ROWP CONCESTI",112,"NULL",0,False,False,False,False,"No",128,"NULL","NULL"
3419,105,498,"ROWP_36649_01","ROWP CORDARENI",112,"NULL",0,False,False,False,False,"No",128,"NULL","NULL"
3420,106,498,"ROWP_37173_01","ROWP DRAGUSENI",111,"NULL",115,False,False,False,False,"No",128,"NULL","NULL"
3421,105,498,"ROWP_37397_01","ROWP DUMENI",112,"NULL",0,False,False,False,False,"No",128,"NULL","NULL"
3422,106,498,"ROWP_162381_01","ROWP RACHITI",111,"NULL",200,False,False,False,False,"No",128,"NULL","NULL"
3423,106,498,"ROWP_38893_01","ROWP STAUCENI",111,"NULL",671,False,False,False,False,"No",128,"NULL","NULL"
3424,106,498,"ROCO_36569_00","ROCO Copalau ",112,"NULL",600,False,False,False,False,"No",128,"NULL","NULL"
3425,106,498,"ROWP_76497_01","ROWP C. Negri",111,"NULL",41,False,False,False,False,"No",128,"NULL","NULL"
3426,106,498,"ROWP_75917_01","ROWP Certesti",111,"NULL",16,False,False,False,False,"No",128,"NULL","NULL"
3427,106,498,"ROWP_76004_01","ROWP Corni",111,"NULL",42,False,False,False,False,"No",128,"NULL","NULL"
3428,106,498,"ROCO_22237_00","ROCO Dealu Morii",112,"NULL",300,False,False,False,False,"No",128,"NULL","NULL"
3429,106,498,"ROWP_165470_01","ROWP Puiesti",111,"NULL",90,False,False,False,False,"No",128,"NULL","NULL"
3430,106,498,"ROWP_164598_01","ROWP Laza",112,"NULL",982,False,False,False,False,"No",128,"NULL","NULL"
3431,106,498,"ROWP_96889_02_001","ROWP Moreni",111,"NULL",201,False,False,False,False,"No",128,"NULL","NULL"
3432,106,498,"ROWP_96487_01","ROWP Cotnari ",111,"NULL",82,False,False,False,False,"No",128,"NULL","NULL"
3433,106,498,"ROCO_97919_00","ROCO Miroslava",111,"NULL",118,False,False,False,False,"No",128,"NULL","NULL"
3434,106,498,"ROWP_97875_01","ROWP Ursita",111,"NULL",498,False,False,False,False,"No",128,"NULL","NULL"
3435,106,498,"ROWP_97875_02","ROWP Schitu Hadambului ",111,"NULL",500,False,False,False,False,"No",128,"NULL","NULL"
3436,106,498,"ROCO_98202_00","ROCO Mosna ",112,"NULL",1489,False,False,False,False,"No",128,"NULL","NULL"
3437,106,498,"ROWP_98202_01","ROWP Mosna ",111,"NULL",118,False,False,False,False,"No",128,"NULL","NULL"
3438,106,498,"ROCO_36532_00","ROCO Concesti",112,"NULL",250,False,False,False,False,"No",128,"NULL","NULL"
3439,106,498,"ROWP_95523_01","ROWP Ion Neculce",111,"NULL",235,False,False,False,False,"No",128,"NULL","NULL"
3440,106,498,"RO1BC_56","ROWP BACAU",111,"RO1BC_56",173637,False,False,False,False,"No",128,"NULL","NULL"
3441,106,498,"RO1NT_51","ROWP SEAU ROMAN",111,"NULL",65293,False,False,False,False,"No",128,"NULL","NULL"
3442,106,498,"RO1NT_53","ROWP SEAU PIATRA NEAMT",111,"RO1NT_53",98141,False,False,False,False,"No",128,"NULL","NULL"
3443,106,498,"RO1SV_57","ROWP SC ACET SA SUCEAVA - AG. SUCEAVA",111,"RO1SV_57",93099,False,False,False,False,"No",128,"NULL","NULL"
3444,106,498,"ROCO_120931_00","ROCO HORIA",112,"NULL",3638,False,False,False,False,"No",,"NULL","NULL"
3445,106,498,"ROCO_146441_00","ROCO SCHEIA",112,"NULL",456,False,False,False,False,"No",,"NULL","NULL"
3446,106,498,"ROCO_147045_00","ROCO Bilca",112,"NULL",36,False,False,False,False,"No",,"NULL","NULL"
3447,106,498,"ROCO_147214_00","ROCO Breaza",112,"NULL",48,False,False,False,False,"No",,"NULL","NULL"
3448,106,498,"ROCO_147704_00","ROCO CIPRIAN PORUMBESCU",112,"NULL",220,False,False,False,False,"No",,"NULL","NULL"
3449,106,498,"ROCO_147722_00","ROCO CARLIBABA",112,"NULL",38,False,False,False,False,"No",,"NULL","NULL"
3450,106,498,"ROCO_148774_00","ROCO Fundu Moldovei",112,"NULL",190,False,False,False,False,"No",,"NULL","NULL"
3451,106,498,"ROCO_149389_00","ROCO Manastirea Humorului",112,"NULL",1024,False,False,False,False,"No",,"NULL","NULL"
3452,106,498,"ROCO_149977_00","ROCO PREUTESTI",112,"NULL",1152,False,False,False,False,"No",,"NULL","NULL"
3453,106,498,"ROCO_150187_00","ROCO Sadova",112,"NULL",183,False,False,False,False,"No",,"NULL","NULL"
3454,106,498,"ROCO_151353_00","ROCO ZVORISTEA",112,"NULL",36,False,False,False,False,"No",,"NULL","NULL"
3455,106,498,"ROCO_175135_00","ROCO Andreiasu de Jos",112,"NULL",21,False,False,False,False,"No",,"NULL","NULL"
3456,106,498,"ROCO_175144_00","ROCO Andreiasu de Sus",112,"NULL",2,False,False,False,False,"No",,"NULL","NULL"
3457,106,498,"ROCO_175448_00","ROCO Bordesti",112,"NULL",63,False,False,False,False,"No",,"NULL","NULL"
3458,106,498,"ROCO_176560_00","ROCO Jitia",112,"NULL",26,False,False,False,False,"No",,"NULL","NULL"
3459,106,498,"ROCO_176908_00","ROCO Naruja",112,"NULL",40,False,False,False,False,"No",,"NULL","NULL"
3460,106,498,"ROCO_21347_00","ROCO Beresti - Tazlau",112,"NULL",3312,False,False,False,False,"No",,"NULL","NULL"
3461,106,498,"ROCO_21463_00","ROCO Barsanesti",112,"NULL",45,False,False,False,False,"No",,"NULL","NULL"
3462,106,498,"ROCO_21980_00","ROCO CORBASCA",112,"NULL",1726,False,False,False,False,"No",,"NULL","NULL"
3463,106,498,"ROCO_22120_00","ROCO Damienesti",112,"NULL",15,False,False,False,False,"No",,"NULL","NULL"
3464,106,498,"ROCO_23804_00","ROCO OITUZ",112,"NULL",6525,False,False,False,False,"No",,"NULL","NULL"
3465,106,498,"ROCO_24775_00","ROCO RACACIUNI",112,"NULL",3535,False,False,False,False,"No",,"NULL","NULL"
3466,106,498,"ROCO_25077_00","ROCO SASCUT",112,"NULL",515,False,False,False,False,"No",,"NULL","NULL"
3467,106,498,"ROCO_25834_00","ROCO  Tg. Trotus",112,"NULL",645,False,False,False,False,"No",,"NULL","NULL"
3468,106,498,"ROCO_26298_01","ROCO ZEMES",112,"NULL",3445,False,False,False,False,"No",,"NULL","NULL"
3469,106,498,"ROCO_84157_00","ROCO Corbu",112,"NULL",15,False,False,False,False,"No",,"NULL","NULL"
3470,106,498,"ROWP_120977_01","ROWP SEAU BICAZ",111,"NULL",4340,False,False,False,False,"No",128,"NULL","NULL"
3471,106,498,"ROWP_121064_01","ROWP SEAU TG. NEAMT",111,"NULL",19437,False,False,False,False,"No",128,"NULL","NULL"
3472,106,498,"ROWP_124126_01","ROWP SEAU ROZNOV",111,"NULL",1995,False,False,False,False,"No",128,"NULL","NULL"
3473,106,498,"ROWP_146511_01","ROWP SC ACETSA SUCEAVA - AG. C-LUNG MOLDOVENESC",111,"NULL",16567,False,False,False,False,"No",128,"NULL","NULL"
3474,106,498,"ROWP_146548_01","ROWP SC ACET SA SUCEAVA - AG. FALTICENI",111,"NULL",27091,False,False,False,False,"No",128,"NULL","NULL"
3475,106,498,"ROWP_146593_01","ROWP SC ACET SA SUCEAVA - AG. GURA HUMORULUI",111,"NULL",11111,False,False,False,False,"No",128,"NULL","NULL"
3476,106,498,"ROWP_146637_01","ROWP SC SERVICII COMUNALE SA RADAUTI",111,"NULL",24947,False,False,False,False,"No",128,"NULL","NULL"
3477,106,498,"ROWP_146664_01","ROWP SC ACET SA SUCEAVA - AG. SIRET",111,"NULL",6345,False,False,False,False,"No",128,"NULL","NULL"
3478,106,498,"ROWP_146717_01","ROWP SC ACET SA SUCEAVA - AG. SOLCA",111,"NULL",1243,False,False,False,False,"No",128,"NULL","NULL"
3479,106,498,"ROWP_146753_01","ROWP SC ACET SA SUCEAVA - AG. VATRA DORNEI",111,"NULL",13462,False,False,False,False,"No",128,"NULL","NULL"
3480,106,498,"ROWP_146913_01","ROWP BAIA",111,"NULL",1375,False,False,False,False,"No",128,"NULL","NULL"
3481,106,498,"ROWP_147367_01","ROWP CL BROSTENI",111,"NULL",1615,False,False,False,False,"No",128,"NULL","NULL"
3482,106,498,"ROWP_147893_01","ROWP CRUCEA",111,"NULL",476,False,False,False,False,"No",128,"NULL","NULL"
3483,105,498,"ROWP_148015_01","ROWP CL DOLHASCA",112,"NULL",0,False,False,False,False,"No",,"NULL","NULL"
3484,106,498,"ROWP_148211_01","ROWP DORNA CANDRENILOR",111,"NULL",291,False,False,False,False,"No",128,"NULL","NULL"
3485,106,498,"ROWP_148391_01","ROWP DRAGUSENI",111,"NULL",747,False,False,False,False,"No",128,"NULL","NULL"
3486,106,498,"ROWP_148435_01","ROWP CL DUMBRAVENI",111,"NULL",775,False,False,False,False,"No",128,"NULL","NULL"
3487,106,498,"ROWP_148621_01","ROWP CL Frasin",111,"NULL",574,False,False,False,False,"No",128,"NULL","NULL"
3488,106,498,"ROWP_149147_01","ROWP CL IACOBENI",111,"NULL",503,False,False,False,False,"No",128,"NULL","NULL"
3489,106,498,"ROWP_149236_01","ROWP LITENI",111,"NULL",332,False,False,False,False,"No",128,"NULL","NULL"
3490,106,498,"ROWP_149664_01","ROWP CL Ostra",111,"NULL",2681,False,False,False,False,"No",128,"NULL","NULL"
3491,106,498,"ROWP_150052_01","ROWP PUTNA",111,"NULL",300,False,False,False,False,"No",128,"NULL","NULL"
3492,106,498,"ROWP_150515_01","ROWP CL SARU DORNEI",111,"NULL",182,False,False,False,False,"No",128,"NULL","NULL"
3493,106,498,"ROWP_150944_01","ROWP CL VAMA",111,"NULL",2202,False,False,False,False,"No",128,"NULL","NULL"
3494,106,498,"ROWP_151031_01","ROWP CL Veresti",111,"NULL",664,False,False,False,False,"No",128,"NULL","NULL"
3495,105,498,"ROWP_151086_01","ROWP VICOVU DE JOS",112,"NULL",0,False,False,False,False,"No",,"NULL","NULL"
3496,106,498,"ROWP_174753_01","ROWP SC CUP SA VRANCEA - AG. FOCSANI",111,"RO2VN_51",92257,False,False,False,False,"No",128,"NULL","NULL"
3497,106,498,"ROWP_174799_01","ROWP CL Campineanca",111,"NULL",1225,False,False,False,False,"No",128,"NULL","NULL"
3498,106,498,"ROWP_174879_01","ROWP SC CUP SA VRANCEA - AG. ADJUD",111,"NULL",14712,False,False,False,False,"No",128,"NULL","NULL"
3499,106,498,"ROWP_174931_01","ROWP SC CUP SA VRANCEA - AG. MARASESTI",111,"NULL",8373,False,False,False,False,"No",128,"NULL","NULL"
3500,106,498,"ROWP_175028_01","ROWP SC CUP SA VRANCEA - AG.ODOBESTI",111,"NULL",2120,False,False,False,False,"No",128,"NULL","NULL"
3501,106,498,"ROWP_175064_01","ROWP SC CUP SA VRANCEA - AG.PANCIU",111,"NULL",4327,False,False,False,False,"No",128,"NULL","NULL"
3502,106,498,"ROWP_176310_01","ROWP CL GUGESTI",111,"NULL",3487,False,False,False,False,"No",128,"NULL","NULL"
3503,106,498,"ROWP_178126_01","ROWP Tulnici",111,"NULL",2287,False,False,False,False,"No",128,"NULL","NULL"
3504,106,498,"ROWP_178386_01","ROWP CL Vidra",111,"NULL",620,False,False,False,False,"No",128,"NULL","NULL"
3505,106,498,"ROWP_20572_01","ROWP SC Apa- Canal SA Onesti",111,"NULL",45163,False,False,False,False,"No",128,"NULL","NULL"
3506,106,498,"ROWP_20787_01","ROWP CL BUHUSI",111,"NULL",15742,False,False,False,False,"No",128,"NULL","NULL"
3507,106,498,"ROWP_20830_01","ROWP APASERV TROTUS COMANESTI",111,"NULL",12232,False,False,False,False,"No",128,"NULL","NULL"
3508,106,498,"ROWP_20885_01","ROWP SEAU MOINESTI",111,"NULL",17958,False,False,False,False,"No",128,"NULL","NULL"
3509,106,498,"ROWP_20929_01","ROWP CL Slanic Moldova",111,"NULL",4577,False,False,False,False,"No",128,"NULL","NULL"
3510,106,498,"ROWP_20974_01","ROWP  TG. OCNA",111,"NULL",6191,False,False,False,False,"No",128,"NULL","NULL"
3511,106,498,"ROWP_21766_01","ROWP CL Caiuti",111,"NULL",3125,False,False,False,False,"No",128,"NULL","NULL"
3512,106,498,"ROWP_22175_01","ROWP Darmanesti",111,"NULL",5764,False,False,False,False,"No",128,"NULL","NULL"
3513,106,498,"ROWP_22479_01","ROWP  Faraoani",111,"NULL",3539,False,False,False,False,"No",128,"NULL","NULL"
3514,105,498,"ROWP_25077_01","ROWP CL SASCUT",112,"NULL",0,False,False,False,False,"No",,"NULL","NULL"
3515,106,498,"ROWP_25870_01","ROWP TRAIAN",111,"NULL",1160,False,False,False,False,"No",128,"NULL","NULL"
3516,106,498,"ROWP_26092_01","ROWP VALEA SEACA",111,"NULL",1598,False,False,False,False,"No",128,"NULL","NULL"
3517,106,498,"ROWP_36453_01","ROWP SC ApaGrup SA Botosani - Ag. Bucecea",111,"NULL",1624,False,False,False,False,"No",128,"NULL","NULL"
3518,106,498,"ROWP_39694_01","ROWP Varfu Campului",111,"NULL",513,False,False,False,False,"No",128,"NULL","NULL"
3519,106,498,"ROWP_44854_01","ROWP SC Acvaterm SA Rm. Sarat",111,"NULL",25382,False,False,False,False,"No",128,"NULL","NULL"
3520,106,498,"ROWP_83507_01","ROWP SC ROMAQUAPREST SA BORSEC",111,"NULL",1810,False,False,False,False,"No",128,"NULL","NULL"
3521,106,498,"ROWP_86142_01","ROWP TULGHES",111,"NULL",1455,False,False,False,False,"No",128,"NULL","NULL"
3522,106,498,"ROWP_95408_01","ROWP PREST SERV APA SA PASCANI (DAC PASCANI)",111,"NULL",29674,False,False,False,False,"No",128,"NULL","NULL"
3523,106,498,"ROWP_97447_01","ROWP HALAUCESTI",111,"NULL",610,False,False,False,False,"No",128,"NULL","NULL"
3524,106,498,"ROWP_177762_01","ROWP CL SOVEJA",111,"NULL",1221,False,False,False,False,"No",128,"NULL","NULL"
3525,106,498,"ROCO_120833_00","ROCO Savinesti",112,"NULL",24,False,False,False,False,"No",,"NULL","NULL"
3526,106,498,"ROCO_148015_00","ROCO CL Dolhasca",112,"NULL",5447,False,False,False,False,"No",128,"NULL","NULL"
3527,105,498,"ROCO_147893_00","ROCO Crucea",112,"NULL",0,False,False,False,False,"No",,"NULL","NULL"
3528,106,498,"RO6CJ_518","ROWPI Somes Dej SA",111,"RO6CJ_518",25893,False,False,False,False,"No",127,"NULL","NULL"
3529,106,498,"RO6CJ_519","ROWP Cluj-Napoca",111,"RO6CJ_519",309282,False,False,False,False,"No",127,"NULL","NULL"
3530,106,498,"RO6MM_57","ROWP Baia Mare",111,"RO6MM_57",108889,False,False,False,False,"No",127,"NULL","NULL"
3531,106,498,"RO6SM_52","ROWP Satu Mare",111,"RO6SM_52",105494,False,False,False,False,"No",127,"NULL","NULL"
3532,106,498,"ROCO_108419_00","ROCO Ocna Sugatag",112,"NULL",385,False,False,False,False,"No",127,"NULL","NULL"
3533,105,498,"ROCO_109185_00","ROCO Somcuta Mare",112,"NULL",0,False,False,False,False,"No",127,"NULL","NULL"
3534,106,498,"ROWP_109185_01","ROWP Somcuta Mare",111,"NULL",378,False,False,False,False,"No",127,"NULL","NULL"
3535,105,498,"ROCO_109274_00","ROCO Ulmeni",112,"NULL",0,False,False,False,False,"No",127,"NULL","NULL"
3536,106,498,"ROWP_109274_01","ROWP Ulmeni",111,"NULL",1563,False,False,False,False,"No",127,"NULL","NULL"
3537,106,498,"ROCO_137773_01","ROCO Halmeu +Turulung 1",112,"NULL",61,False,False,False,False,"No",127,"NULL","NULL"
3538,105,498,"ROCO_137773_02","ROCO Halmeu+Turulung 2",112,"NULL",0,False,False,False,False,"No",,"NULL","NULL"
3539,105,498,"ROCO_138299_00","ROCO Odoreu ",112,"NULL",0,False,False,False,False,"No",127,"NULL","NULL"
3540,106,498,"ROCO_138930_00","ROCO Supuru",112,"NULL",14,False,False,False,False,"No",127,"NULL","NULL"
3541,105,498,"ROCO_139189_00","ROCO Turt",112,"NULL",0,False,False,False,False,"No",127,"NULL","NULL"
3542,106,498,"ROWP_139189_01","ROWP Turt",111,"NULL",318,False,False,False,False,"No",127,"NULL","NULL"
3543,106,498,"ROCO_139713_00","ROCO Zalau",112,"NULL",4513,False,False,False,False,"No",127,"NULL","NULL"
3544,105,498,"ROCO_140636_00","ROCO Crasna",112,"NULL",0,False,False,False,False,"No",127,"NULL","NULL"
3545,106,498,"ROWP_140636_01","ROWP Crasna",111,"NULL",246,False,False,False,False,"No",127,"NULL","NULL"
3546,105,498,"ROCO_32606_00","ROCO Sangeorz Bai",112,"NULL",0,False,False,False,False,"No",127,"NULL","NULL"
3547,105,498,"ROCO_34245_00","ROCO Valea Bargaielor ",112,"NULL",0,False,False,False,False,"No",127,"NULL","NULL"
3548,106,498,"ROCO_35063_00","ROCO Telciu ",112,"NULL",423,False,False,False,False,"No",127,"NULL","NULL"
3549,105,498,"ROCO_6MM_57","ROCO Baia Mare",112,"NULL",0,False,False,False,False,"No",,"NULL","NULL"
3550,105,498,"ROCO_106693_00","ROCO Baia Sprie",112,"NULL",0,False,False,False,False,"No",,"NULL","NULL"
3551,106,498,"ROWP_106568_01","ROWP Sighetu Marmatiei",111,"NULL",23976,False,False,False,False,"No",127,"NULL","NULL"
3552,106,498,"ROWP_106755_01","ROWP Borsa",111,"NULL",3865,False,False,False,False,"No",127,"NULL","NULL"
3553,106,498,"ROWP_106791_01","ROWP Cavnic",111,"NULL",1671,False,False,False,False,"No",127,"NULL","NULL"
3554,106,498,"ROWP_106826_01","ROWP Targu Lapus",111,"NULL",3756,False,False,False,False,"No",127,"NULL","NULL"
3555,106,498,"ROWP_106988_01","ROWP Viseu de Sus",111,"NULL",5247,False,False,False,False,"No",127,"NULL","NULL"
3556,106,498,"ROWP_108972_01","ROWP Seini",111,"NULL",1242,False,False,False,False,"No",127,"NULL","NULL"
3557,106,498,"ROWP_136535_01","ROWP Carei ",111,"NULL",18876,False,False,False,False,"No",127,"NULL","NULL"
3558,106,498,"ROWP_136606_01","ROWP Negresti-Oas I",111,"NULL",6260,False,False,False,False,"No",127,"NULL","NULL"
3559,106,498,"ROWP_136857_01","ROWP Ardud ",111,"NULL",943,False,False,False,False,"No",127,"NULL","NULL"
3560,106,498,"ROWP_138048_01","ROWP Livada",111,"NULL",1144,False,False,False,False,"No",127,"NULL","NULL"
3561,106,498,"ROWP_139713_01","ROWP Zalau",111,"NULL",45462,False,False,False,False,"No",127,"NULL","NULL"
3562,106,498,"ROWP_139759_01","ROWP Cehu Silvaniei",111,"NULL",2452,False,False,False,False,"No",127,"NULL","NULL"
3563,106,498,"ROWP_139820_01","ROWP Jibou",111,"NULL",5827,False,False,False,False,"No",127,"NULL","NULL"
3564,106,498,"ROWP_139893_01","ROWP Simleu Silvaniei",111,"NULL",4763,False,False,False,False,"No",127,"NULL","NULL"
3565,106,498,"ROWP_142890_01","ROWP Sarmasag",111,"NULL",2637,False,False,False,False,"No",127,"NULL","NULL"
3566,106,498,"ROWP_32401_01","ROWP Bistrita ",111,"RO6BN_55",66127,False,False,False,False,"No",127,"NULL","NULL"
3567,106,498,"ROWP_32401_02","ROWP Colibita",111,"NULL",20,False,False,False,False,"No",127,"NULL","NULL"
3568,106,498,"ROWP_32492_01","ROWP Beclean",111,"NULL",5173,False,False,False,False,"No",127,"NULL","NULL"
3569,106,498,"ROWP_32553_01","ROWP Nasaud",111,"NULL",4872,False,False,False,False,"No",127,"NULL","NULL"
3570,106,498,"ROWP_32606_01","ROWP Sangeorz Bai",111,"NULL",4811,False,False,False,False,"No",127,"NULL","NULL"
3571,106,498,"ROWP_34164_01","ROWP Parva",111,"NULL",260,False,False,False,False,"No",127,"NULL","NULL"
3572,106,498,"ROWP_34342_01","ROWP Rodna",111,"NULL",2651,False,False,False,False,"No",127,"NULL","NULL"
3573,105,498,"ROWP_106693_01","ROWP Baia Sprie",112,"NULL",0,False,False,False,False,"No",,"NULL","NULL"
3574,106,498,"ROWP_55393_01","ROWP Gherla",111,"NULL",20495,False,False,False,False,"No",127,"NULL","NULL"
3575,106,498,"ROWP_55482_01","ROWP Aghiresu ",111,"NULL",1447,False,False,False,False,"No",127,"NULL","NULL"
3576,106,498,"ROWP_55696_01","ROWP Apahida",111,"NULL",2666,False,False,False,False,"No",127,"NULL","NULL"
3577,106,498,"ROWP_56577_01","ROWP Capusu Mare",111,"NULL",1736,False,False,False,False,"No",127,"NULL","NULL"
3578,106,498,"ROWP_59595_01","ROWP Sanpaul",111,"NULL",270,False,False,False,False,"No",127,"NULL","NULL"
3579,105,498,"ROCO_55847_00","ROCO Baciu",112,"NULL",0,False,False,False,False,"No",,"NULL","NULL"
3580,105,498,"ROCO_56577_00","ROCO Capusu Mare",112,"NULL",0,False,False,False,False,"No",,"NULL","NULL"
3581,105,498,"ROCO_55696_00","ROCO Apahida",112,"NULL",0,False,False,False,False,"No",,"NULL","NULL"
3582,105,498,"ROCO_108115_00","ROCO Farcasa",112,"NULL",0,False,False,False,False,"No",127,"NULL","NULL"
3583,105,498,"ROCO_108927_00","ROCO Salsig-Gardani",112,"NULL",0,False,False,False,False,"No",127,"NULL","NULL"
3584,105,498,"ROCO_108801_00","ROCO Sacalaseni ",112,"NULL",0,False,False,False,False,"No",127,"NULL","NULL"
3585,106,498,"ROWP_108115_01","ROWP Farcasa",111,"NULL",1204,False,False,False,False,"No",127,"NULL","NULL"
3586,106,498,"ROCO_108927_01","ROWP Salsig-Gardani",111,"NULL",558,False,False,False,False,"No",127,"NULL","NULL"
3587,106,498,"ROCO_108801_01","ROWP Sacalaseni ",111,"NULL",1897,False,False,False,False,"No",127,"NULL","NULL"
3588,106,498,"ROWP_106470_01_01","ROWP Nistru",111,"NULL",807,False,False,False,False,"No",127,"NULL","NULL"
3589,106,498,"ROWP_108231_01","ROWP Lapus",111,"NULL",482,False,False,False,False,"No",127,"NULL","NULL"
3590,106,498,"ROCO_137513_02_01","ROCO Poiana Codrului",111,"NULL",204,False,False,False,False,"No",127,"NULL","NULL"
3591,106,498,"ROCO_58026_00","ROCO Agris",112,"NULL",18,False,False,False,False,"No",127,"NULL","NULL"
3592,105,498,"ROCO_59336_00","ROCO Floresti",112,"NULL",0,False,False,False,False,"No",,"NULL","NULL"
3593,105,498,"ROCO_57911_00","ROCO Gilau",112,"NULL",0,False,False,False,False,"No",,"NULL","NULL"
3594,105,498,"ROCO_34244_00","ROCO Prundu Bargaului",112,"NULL",0,False,False,False,False,"No",,"NULL","NULL"
3595,105,498,"ROWP_34244_01","ROWP Prundu Bargaului ",112,"NULL",0,False,False,False,False,"No",,"NULL","NULL"
